X,Kingdom,Phylum,Class,Order,Family,Genus.x,Genus.y,Species
TACGTATGTCGCAAGCGTTATCCGGAATTATTGGGCGTAAAGCGAGTCTAGGCGGTTTGTTAAGTCAGATGTGAAAATGCGGGGCTCAACTCCGTATGGCCTTTGATACTGGCAAACTAGAGTACTGGAGAGGTGGGCGGAACTACAAGTGTAGAGGTGAAATTCGTAGATATTTGTAGGAATGCCGATAGTGAAGACAGCTCACTGGACAGATACTGACGCTAAAGCTCGAAAGCGTGGGGAGCAAACAGG,15966,Bacteria,Fusobacteriota,Fusobacteriia,Fusobacteriales,Fusobacteriaceae,Psychrilyobacter,NA,NA
TACGTAAGGAGCGAGCGTTGTTCGGAATTATTGGGCGTAAAGTGCGTGCAGGCTGTTTATTAAGTCTGATGTGAAAGTGCACAGCTTAACTGTGTTGTTGCGTTGGAAACTGGTAAACTAGAATTCGAGAGAGGAAATTGGAATTCCTGGTGTAGGGGTGAAATCTGTTGATATCAGGAAGAACACCTGAGGCGAAAGCGAATTTCTGGCTCTGAATTGACGCTGTAGCGCGAAAGCGTAGGGAGCAAACAGG,13810,Bacteria,Spirochaetota,Spirochaetia,Spirochaetales,Spirochaetaceae,NA,NA,NA
TACGTAGGTCCCAAGCGTTATCCGGAATTATTGGGCGTAAAGGGTCCGTAGACGGTTTATTAAGTCTGATGTGAAAGCCACCGGCTCAACCGGTGAAACGCATTAGATACTGGTAAACTAGAGTATGTTAGAGGATAGTGGAATTCCATGTGTAGCGGTGAAATGCGTAGATATATGGAGGAACACCAGTGGCGAAGGCGGCTATCTGGGACATTACTGACGTTGAGGGACGAAAGCGTGGGGAGCGAACAGG,15432,Bacteria,Firmicutes,Bacilli,Mycoplasmatales,Mycoplasmataceae,NA,NA,NA
TACGGAGGGGGCGAGCGTTATTCGGAATTATTGGGTGTAAAGTGTGCGTAGGCGGCTTAGTAAGTTAATGGTGAAATCCCGGGGCTCAACCCCGGGGCTGCTTTTAGAACTGCTAAGCTGGAGTTGGAAAGAGGATAGCAGAATTCCTAGTGTAGAGGTGAAATTCGTAGATATTAGGAGGAATACCGGAGGCGAAGGCGGCTGTCTGGTTCCATACTGACGCTGAGGCACGAAAGCGTGGGGAGCAAACAGG, 7769,Bacteria,Proteobacteria,Alphaproteobacteria,Rickettsiales,Anaplasmataceae,NA,NA,NA
TACGTAAGGGGCAAGTGTTGTTCGGAATTATTGGGTGTAAAGGGCATGTAGGCGGTTTAATAAGTCTAATATTAAAGACTCAAGCTCAACTTGAGGAATGTGTTAGAAACTATCAAACTAGAGTTTAGAAGAGGAAAATAGAATTTCTAGTGTAGGGGTGATATCTTCAGATATTAGGAGGAATGCCAGAGGTGAAGGCGATTTTCTAGTCTAAAACTGACGCTGATATGCGAAAGCATGGGTAGCAAACTGA,13853,Bacteria,Proteobacteria,Alphaproteobacteria,Rickettsiales,Mitochondria,NA,NA,NA
TACGGGGGGTGCAAGCGTTATTCGGATTTACTGGGCGTAAAGGGCGCGTAGGCGGTCTCTTAAGTCAGATGTGAAAGCCCGAGGCTTAACCTCGGAAGTGCATCTGAAACTGGGGGACTTGAGTATGGGAGAGGGAAGTGGAATTCCTGGTGTAGCGGTGAAATGCGTAGATATCAGGAGGAACACCTGTGGCGAAGGCGACTTCCTGGACCAATACTGACGCTGAGGCGCGAAGGCGTGGGGAGCAAACAGG,13692,Bacteria,Desulfobacterota,Desulfobacteria,Desulfobacterales,Desulfosarcinaceae,NA,NA,NA
TACGGAGGGGGCGAGCGTTATTCGGATTTACTGGGCGTAAAGGGTGTGTAGGCGGCATAGTAAGTTAGTAGTGAAATCCCAGGGCTTAACCCTGGAACTGCTGCTAAAACTGCTAAGCTAGAGTTAGGTAGAGGGTAGTAGAATTTCTAGTGTAGGGGTGATATCCGTAGATATTAGAAGGAATGCCAGAGGCGAAGGCGACTACCTGGAACTATACTGACGCTGAGGCACGAAAGCGTGGGGAGCAAACAGG, 7782,Bacteria,NA,NA,NA,NA,NA,NA,NA
TACGGAGGATGCAAGCGTTATCCGGATTCATTGGGTTTAAAGGGTGCGTAGGCGGTAATTTAAGTCAGTGGTGAAATCCTGTCGCTTAACGATAGCATTGCCAATGATACTGAATTACTTGAGTATGGATGAGGTAGGCGGAATGTGTAGTGTAGCGGTGAAATGCATAGATATTACACAGAACACCGATTGCGAAGGCAGCTTACTAGGCCATTACTGACGCTGATGCACGAAAGCGTGGGTAGCGAACAGG, 6845,Bacteria,Bacteroidota,Bacteroidia,Bacteroidales,Prolixibacteraceae,NA,NA,NA
TACGAAGGGGGCAAGCGTTGTTCGGAATTACTGGGCGTAAAGAGTACGTAGGCGGTTTATCTAGTTAGGTGTGAAATCCCAGAGCTCAACTTTGGAACTGCACTTAATACTGATAAACTAGAATGTAAGAGAGGGAAGTGGAATTTCTAGTGTAGGAGTGAAATCCGTAGATATTAGAAGGAACACCAGAGGCGAAGGCGACTTCCTGGCTTATAATTGACGCTGAGGTACGAAAGCGTGGGTAGCAAACAGG, 4661,Bacteria,NA,NA,NA,NA,NA,NA,NA
TACGGAGGGTGCGAGCGTTAATCGGAATTACTGGGCGTAAAGCGCATGCAGGTGGTTTGTTAAGTCAGATGTGAAAGCCCGGGGCTCAACCTCGGAACTGCATTTGAAACTGGCAAACTAGAGTACTGTAGAGGGGGGTAGAATTTCAGGTGTAGCGGTGAAATGCGTAGAGATCTGAAGGAATACCAGTGGCGAAGGCGGCCCCCTGGACAGATACTGACACTCAGATGCGAAAGCGTGGGGAGCAAACAGG,12141,Bacteria,Proteobacteria,Gammaproteobacteria,Vibrionales,Vibrionaceae,Vibrio,Vibrio,NA
TTCCAGCTCCAATAGCGTATACTAATGTTGTTGCAGTTAAAAAGCTCGTAGTTGAAATTATATCTCATCAGAGATCAACCTTTATGGTGATTATTGTGAATAAATTAGAGTGTTTCAGGCAGACTACGTTTGAATACATAAGCATGGAATAATAAAATATGAATTTTTATTTTTGGTTATAAATTTTAATGATTAATAGAAGCAATTGGGGGCATTCGTATTTAATAGTCAGAGGTAAAATTCTTGGATTTATTAAAGACGAACTAAAGCGAAAGCATTTGTCAAAGATGTTTTCATTAATCAAGAACGAAAGTTAGGGGATCAAAGACG,16248,Eukaryota,NA,NA,NA,NA,NA,NA,NA
TACGTATGTCGCAAGCGTTATCCGGAATTATTGGGCGTAAAGCGAGTCTAGGCGGTTTGTTAAGTCAGATGTGAAAATGCGGGGCTCAACTCCGTATGGCCTTTGATACTGGCAAACTAGAGTACTGGAGAGGTGGGCGGAACTACAAGTGTAGAGGTGAAATTCGTAGATATTTGTAGGAATGCCGATAGTGAAGACAGCTCACTGGACAGATACTGACGCTAAAGCTCGAAAGCGTGGGGAGCGAACAGG,15969,Bacteria,Fusobacteriota,Fusobacteriia,Fusobacteriales,Fusobacteriaceae,Psychrilyobacter,NA,NA
GACGGAGGATGCAAGTGTTATCCGGAATCACTGGGCGTAAAGCGTCTGTAGGTGGTCTAATAAGTCAACTGTTAAATCTTGAGGCTTAACTTCAAAACTGCAGTCGAAACTATTAGACTAGAGTATAGTAGGGGTAAAGGGAATTTCCAGTGGAGCGGTGAAATGCGTAGATATTGGAAAGAACACCGATGGCGAAGGCACTTTACTGGGCTATTACTAACACTCAGAGACGAAAGCTAGGGTAGCAAATGGG, 1863,Bacteria,Cyanobacteria,Cyanobacteriia,Chloroplast,NA,NA,NA,NA
TACGTAGGGGGCAAGCGTTATCCGGAATTATTGGGCGTAAAGAGTACGTAGGTGGTTTTACAAGTCTTGGGTTAAAGGCTATGGCTCAACCATAGTAAGCCTAAGAAACTGTAAGACTTGAGTGCAGGAGAGGTAAGTGGAATTCCTAGTGTAGCGGTGAAATGCGTAGATATTAGGAGGAACACCAGTGGCGAAGGCGACTTACTGGACTGTAACTGACACTGAGGTACGAAAGCGTGGGGAGCAAACAGG,14378,Bacteria,Firmicutes,Clostridia,Peptostreptococcales-Tissierellales,Anaerovoracaceae,NA,NA,NA
TACGGAGGGGGCGAGCGTTATTCGGATTTACTGGGCGTAAAGGGTGTGTAGGCGGCATAGTAAGTTAGTAGTGAAATCCCAGGGCTCAACCCTGGAACTGCTGCTAAAACTGCTAAGCTAGAGTTAGGTAGAGGGTAGTAGAATTTCTAGTGTAGGGGTGATATCCGTAGATATTAGAAGGAATGCCAGAGGCGAAGGCGACTACCTGGAACTATACTGACGCTGAGGCACGAAAGCGTGGGGAGCAAACAGG, 7778,Bacteria,NA,NA,NA,NA,NA,NA,NA
TACGGAGGGTGCAAGCGTTACTCGGAATCACTGGGCGTAAAGAGCGTGTAGGCGGGTTAATAAGTTTGAAGTGAAATCCTATGGCTCAACCATAGAACTGCTTTGAAAACTGTTAACCTAGAATATGGGAGAGGTAGATGGAATTTCTGGTGTAGGGGTAAAATCCGTAGAGATCAGAAGGAATACCGATTGCGAAGGCGATCTACTGGAACATTATTGACGCTGAGACGCGAAAGCGTGGGGAGCAAACAGG,10138,Bacteria,Campilobacterota,Campylobacteria,Campylobacterales,Arcobacteraceae,Halarcobacter,NA,NA
TACGGGGGGGGCAAGCGTTGCTCGGAATTATTGGGCGTAAAGGGCTCGCAGGCGGCCTGCTAAGTCAGTTGTGTAAGCCCACGGCTTAACCGTGGAATTGCGACTGATACTGGCGGGCTTGAGTACAGGAGAGGAGGGCGGAATTCCATGTGTAGCGGTGAAATGCGTAGATATATGGAGGAACACCGGTGGCGAAGGCGGCTCTCTGGACTGTAACTGACGCTGAGGAGCGAAAGCGTGGGGAGCAAACAGG,13425,Bacteria,Acidobacteriota,d142,NA,NA,NA,NA,NA
TACAGAGGGTGCAAGCGTTAATCGGAATTACTGGGCGTAAAGCGCGCGTAGGTGGTTTGTTAAGTTGGATGTGAAAGCCCCGGGCTCAACCTGGGAACTGCATCCAAAACTGGCAAGCTAGAGTACGGTAGAGGGTGGTGGAATTTCCTGTGTAGCGGTGAAATGCGTAGATATAGGAAGGAACACCAGTGGCGAAGGCGACCACCTGGACTGATACTGACACTGAGGTGCGAAAGCGTGGGGAGCAAACAGG, 3018,Bacteria,Proteobacteria,Gammaproteobacteria,Pseudomonadales,Pseudomonadaceae,Pseudomonas,Pseudomonas,NA
TACATAGGGTGCAAGCGTTATCCGGAATTATTGGGCGTAAAGCGTTCGTAGGCGGTTTATTAAGTCTGAAGTTAAAGCCTGGGGCTCAACCCCAGTCCGCTTTGGATACTGGTAGACTAGAGTTATAGAGAGGTTAGTGGAACTCCATGTGAAGCGGTGGAATGCGTAGATATATGGAAGAACACCAATGGCGAAGGCAACTAACTGGCTATATACTGACGCTGAGGAACGAAAGCGTGGGGAGCAAACAGG, 3930,Bacteria,Firmicutes,Bacilli,Mycoplasmatales,Mycoplasmataceae,Mycoplasma,NA,NA
TACGGAGGGCGCAAGCGTTACTCGGAATCACTGGGCGTAAAGAGCGTGTAGGCGGGTAATTAAGTCAGATGTGAAAGCCTATGGCTCAACCATAGAACTGCATTTGAAACTGATTACCTAGAGTATGGGAGAGGTAGATGGAATTTCTGGTGTAGGGGTAAAATCCGTAGAGATCAGAAGGAATACCGATTGCGAAGGCGATCTACTGGAACATTACTGACGCTGAGACGCGAAAGCGTGGGGAGCAAACAGG, 7371,Bacteria,Campilobacterota,Campylobacteria,Campylobacterales,Arcobacteraceae,NA,NA,NA
TACGTAGGGTGCGAGCGTTAATCGGAATTACTGGGCGTAAAGCGTGCGCAGGCGGTTATACAAGACAGGCGTGAAATCCCCGGGCTTAACCTAGGAATGGCGCCTGTGACTGTATAACTAGAGTGTGTCAGAGGGGGGTAGAATTCCACGTGTAGCAGTGAAATGCGTAGATATGTGGAGGAATGCCAATGGCGAAGGCAGCCCCCTGGGATAACACTGACGCTCATGCACGAAAGCGTGGGGAGCAAACAGG,15199,Bacteria,Proteobacteria,Gammaproteobacteria,Burkholderiales,Burkholderiaceae,Polynucleobacter,NA,NA
TACGTAGGGTGCAAGCGTTGTCCGGATTTATTGGGCGTAAAGAGCTCGTAGGCGGTTAGTCACGTCGGATGTGAAAACCCAGTGCTTAACACTGGGCCTGCATTCGATACGGGCTGACTAGAGTGTTGTAGGGGAGACTGGAACTCCTGGTGTAGCGGTGAAATGCGCAGATATCAGGAAGAACACCGGTGGCGAAGGCGGGTCTCTGGGCAACTACTGACGCTGAGGAGCGAAAGCGTGGGGAGCAAACAGG,15032,Bacteria,Actinobacteriota,Actinobacteria,PeM15,NA,NA,NA,NA
TACGAAGGGGGCAAGCGTTGTTCGGAATTACTGGGCGTAAAGAGTACGTAGGCGGTCAATTCAGTTAGGTGTGAAATCCCAGGGCTCAACCCTGGAACTGCACTTAATACTAGTTGACTAGAATATAAGAGAGGGAAGTGGAATTTCTAGTGTAGGAGTGAAATCCGTAGATATTAGAAGGAACACCAGAGGCGAAGGCGACTTCCTGGCTTATAATTGACGCTGAGGTACGAAAGCGTGGGTAGCAAACAGG, 4648,Bacteria,Bdellovibrionota,Bdellovibrionia,Bdellovibrionales,Bdellovibrionaceae,NA,NA,NA
TACGGAGGGTGCGAGCGTTAATCGGAATTACTGGGCGTAAAGCGTACGTAGGTGGTTATTTAAGTGGGATGTGAAATCCCCGGGCTTAACCTGGGAACTGCATACCAAACTGAATGACTAGAGTCCGGTAGAGGGGTGTGGAATTTCCTGTGTAGCGGTGAAATGCGTAGATATAGGAAGGAACACCAGTGGCGAAGGCGACACCCTGGACTGAGACTGACACTGAGGTACGAAAGCGTGGGGAGCAAACAGG,12462,Bacteria,Proteobacteria,Gammaproteobacteria,Oceanospirillales,NA,NA,NA,NA
TACGGAGGGTGCAAGCGTTACTCGGAATCACTGGGCGTAAAGAGCGTGTAGGCGGGTATATAAGTCAGATGTGAAAGCCAATGGCTCAACCATTGAACTGCATTTGAAACTGTAAATCTAGAATATGGGAGAGGTAAATGGAATTTCTGGTGTAGGGGTAAAATCCGTAGAGATCAGAAGGAATACCGATTGCGAAGGCGATTTACTGGAACATAATTGACGCTGAGACGCGAAAGCGTGGGGAGCAAACAGG,10127,Bacteria,Campilobacterota,Campylobacteria,Campylobacterales,Arcobacteraceae,NA,NA,NA
TACAGAGGGTGCAAGCGTTAATCGGAATTACTGGGCGTAAAGCGTGCGTAGACGGTTACATAAGTCGGGTGTGAAAGCCCCGGGCTCAACCTGGGAATTGCATTCGAGACTGCGTAGCTAGGGTGCGGAAGAGGGAAGCGGAATTTCCGGTGTAGCGGTGAAATGCGTAGATATCGGAAGGAACACCAGTGGCGAAAGCGGCTTCCTGGTCCAGCACCGACGTTCAGGCACGAAAGCGTGGGGAGCAAACAGG, 3041,Bacteria,Proteobacteria,Gammaproteobacteria,Gammaproteobacteria Incertae Sedis,Unknown Family,Acidibacter,NA,NA
TACGGAGGGTGCAAGCGTTACTCGGAATCACTGGGCGTAAAGAGCGTGTAGGCGGGTTATTAAGTCAGATGTGAAAGCCAATGGCTCAACCATTGAACTGCATTTGAAACTGATAACCTAGAGTATGGGAGAGGTAGATGGAATTTCTGGTGTAGGGGTAAAATCCGTAGAGATCAGAAGGAATACCGATTGCGAAGGCGATCTACTGGAACATTACTGACGCTGAGACGCGAAAGCGTGGGGAGCAAACAGG,10145,Bacteria,Campilobacterota,Campylobacteria,Campylobacterales,Arcobacteraceae,Halarcobacter,NA,NA
TACGGAGGGTGCAAGCGTTACTCGGAATCACTGGGCGTAAAGAGCGTGTAGGCGGATAAGTAAGTCAGAAGTGAAATCCAATAGCTTAACTATTGAACTGCTTTTGAAACTACTTATCTAGAATATGGGAGAGGTAGATGGAATTTCTGGTGTAGGGGTAAAATCCGTAGAGATCAGAAGGAATACCGATTGCGAAGGCGATCTACTGGAACATTATTGACGCTGAGACGCGAAAGCGTGGGGAGCAAACAGG,10109,Bacteria,Campilobacterota,Campylobacteria,Campylobacterales,Arcobacteraceae,Pseudarcobacter,NA,NA
GACGGAGGATGCAAGTGTTATCCGGAATCACTGGGCGTAAAGCGTCTGTAGGTGGTTTAATAAGTCAACTGTTAAATCTTGAGGCTTAACCTCAAAATCGCAGTCGAAACTATTAGACTAGAGTATAGTAGGGGTAAAGGGAATTTCCAGTGGAGCGGTGAAATGCGTAGAGATTGGAAAGAACACCGATGGCGAAGGCACTTTACTGGGCTATTACTAACACTCAGAGACGAAAGCTAGGGTAGCAAATGGG, 1928,Bacteria,Cyanobacteria,Cyanobacteriia,Chloroplast,NA,NA,NA,NA
TACGTATGTCGCAAGCGTTATCCGGAATTATTGGGCGTAAAGCGAGTCTAGGCGGCTTGTTAAGTCAGATGTGAAAATGCGGGGCTCAACTCCGTATTGCGTTTGAGACTGGCAGGCTAGAGTACTGGAGAGGTGGGCGGAACTACAAGTGTAGAGGTGAAATTCGTAGATATTTGTAGGAATGCCGATAGTGAAGACAGCTCACTGGACAGATACTGACGCTAAAGCTCGAAAGCGTGGGGAGCGAACAGG,15949,Bacteria,Fusobacteriota,Fusobacteriia,Fusobacteriales,Fusobacteriaceae,Psychrilyobacter,NA,NA
TACGTAGGTGGCAAGCGTTGTCCGGAATTATTGGGCGTAAAGGGTGCGTAGGCGGTATGTAAAGTCTGATGTGAAAGCCCATGGCTTAACCATGGAGGGTCATTGGAAACTTACAAACTAGAGTACAGTAGAGGCAAGTGGAATTCCTTGTGTAGCGGTAAAATGCGTAGATATAAGGAGGAACACCAGTGGCGAAGGCGACTTGCTGGGCTTGTACTGACGCTGAGGCACGAAAGCGTGGGGAGCAAATAGG,15580,Bacteria,Firmicutes,Bacilli,NA,NA,NA,NA,NA
TACGGAGGGAGCTAGCGTTGTTCGGAATTACTGGGCGTAAAGCGCGCGTAGGCGGCTTTGTAAGTCAGAGGTGAAATCCCGGGGCTCAACCCCGGAACTGCCTTTGAAACTACATCGCTAGAGTCTTGGAGAGGTGAGTGGAATTCCGAGTGTAGAGGTGGAATTCGTAGATATTCGGAAGAACACCAGTGGCGAAGGCGACTCACTGGACAAGTACTGACGCTGAGGTGCGAAAGCGTGGGGAGCAAACAGG, 7297,Bacteria,Proteobacteria,Alphaproteobacteria,Sphingomonadales,Sphingomonadaceae,Sphingomicrobium,NA,NA
TACGTATGTCGCAAGCGTTATCCGGAATTATTGGGCGTAAAGCGCGTCTAGGCGGCCTTTTAAGTCTGATGTTAAAATGCGGGGCTCAACTCCGTATTGCGTTGGAAACTGGAAGGCTAGAGTATCAGAGAGGTGGGCGGAACTACAAGTGTAGAGGTGAAATTCGTAGATATTTGTAGGAATGCCGATTGGGAAGCCAGCTCACTGGATGAATACTGACGCTGAAGCGCGAAAGCGTGGGGAGCAAACGGG,15991,Bacteria,Fusobacteriota,Fusobacteriia,Fusobacteriales,Fusobacteriaceae,Propionigenium,NA,NA
TACGGGAGGGGCAAGCGTTATCCAGATTGATTGGGCGTAAAGGGTTCGTAGACGGTACAGTAAGTTATTTGTTAAATATTAAAGCCTAACTTTAAAAAAACATTTAAAACTGCTTTACTTTGAGTTTTAAACAGAAGAGTAGAATTTTATAAGAAGGGATAAAATCTGAAGATATGTAAAGGAATATCGATAGTGAAGACAACTCTTTAGTAAAAACTGACGTTGAGGGACGAAAGTGTAGGGAGCAAATAGG,13044,Bacteria,Proteobacteria,Alphaproteobacteria,Rickettsiales,Mitochondria,NA,NA,NA
TACGGAGGGTGCAAGCGTTACTCGGAATCACTGGGCGTAAAGAGCGTGTAGGCGGGTTAATAAGTCAGATGTGAAAGCCTATGGCTCAACCATAGAACTGCATTTGAAACTGTTAACCTAGAATATGGGAGAGGTAGATGGAATTTCTGGTGTAGGGGTAAAATCCGTAGAGATCAGAAGGAATACCGATTGCGAAGGCGATCTACTGGAACATTATTGACGCTGAGACGCGAAAGCGTGGGGAGCAAACAGG,10134,Bacteria,Campilobacterota,Campylobacteria,Campylobacterales,Arcobacteraceae,Halarcobacter,NA,NA
TACAGAGGGTGCGAGCGTTAATCGGATTTACTGGGCGTAAAGCGTGCGTAGGCGGCTTCTTAAGTCGGATGTGAAATCCCTGAGCTTAACTTAGGAATTGCATTCGATACTGGGAAGCTAGAGTATGGGAGAGGATGGTAGAATTCCAGGTGTAGCGGTGAAATGCGTAGAGATCTGGAGGAATACCGATGGCGAAGGCAGCCATCTGGCCTAATACTGACGCTGAGGTACGAAAGCATGGGGAGCAAACAGG, 3468,Bacteria,Proteobacteria,Gammaproteobacteria,Pseudomonadales,Moraxellaceae,Acinetobacter,Acinetobacter,NA
TACGGAGGGTGCGAGCGTTAATCGGAATTACTGGGCGTAAAGCGTGCGTAGGCGGTTTCTTAAGCGAGATGTGAAATCCCGGGGCTTAACCTCGGAACTGCATTTCGAACTGGGTGACTAGAGTTTTGTAGAGGGTGGTGGAATTTCCAGTGTAGCGGTGAAATGCGTAGAGATTGGAAGGAACATCAGTGGCGAAGGCGGCCACCTGGACAAAAACTGACGCTGAGGCACGAAAGCGTGGGGAGCAAACAGG,12515,Bacteria,Proteobacteria,Gammaproteobacteria,Alteromonadales,Colwelliaceae,Thalassotalea,NA,NA
TACGGAGGGTGCGAGCGTTAATCGGAATTACTGGGCGTAAAGCGTGCGTAGGCGGATTGTTAAGCAAGATGTGAAAGCCCCGGGCTCAACCTGGGAACTGCATTTTGAACTGGCTATCTAGAGTATTGTAGAGGGTGGTGGAATTTCCAGTGTAGCGGTGAAATGCGTAGAGATTGGAAGGAACATCAGTGGCGAAGGCGGCCACCTGGACAAATACTGACGCTGAGGCACGAAAGCGTGGGGAGCAAACAGG,12478,Bacteria,Proteobacteria,Gammaproteobacteria,Alteromonadales,Colwelliaceae,Thalassotalea,NA,NA
TACGGAGGGTGCGAGCGTTAATCGGAATTACTGGGCGTAAAGCGCGCGTAGGTGGATGGGTCAGTCAGATGTGAAAGCCCCGGGCTCAACCTGGGAACTGCACCTGATACTGCTCATCTAGAATACGGTAGAGGGTAGTGGAATTTCCTGTGTAGCGGTGAAATGCGTAGATATAGGAAGGAACACCAGTGGCGAAGGCGACTACCTGGACCGATATTGACACTGAGGTGCGAAAGCGTGGGGAGCAAACAGG,12362,Bacteria,Proteobacteria,Gammaproteobacteria,Oceanospirillales,Nitrincolaceae,Neptuniibacter,NA,NA
TACGGAGGATCCAAGCGTTATCCGGATTCATTGGGTTTAAAGGGTCCGTAGGCGGGTCTTTAAGTCAGTGGTGAAAGCCGACAGCTCAACTGTCGAACTGCCATTGATACTGGAGACCTTGAGTACAAATGAAGTAGGCGGAATGAGTCATGTAGCGGTGAAATGCATAGATATGACTCAGAACACCGATTGCGAAGGCAGCTTACTAACATGTAACTGACGCTGAGGGACGAAAGCGTGGGGAGCGAACAGG, 6574,Bacteria,Bacteroidota,Bacteroidia,Flavobacteriales,Cryomorphaceae,NA,NA,NA
TACGGAGGGTGCAAGCGTTACTCGGAATTACTGGGCGTAAAGGGTGCGTAGGCGTCTTATTAAGTCAGATGTGAAATCCTGTGGCTCAACCATAGAACTGCATTTGAAACTGGTAAGATAGAGTTCAGAAGGGGCAAGTGGAATTAGTGGTGTAGGGGTAAAATCCGTAGATATCACTAGGAATACCAAAAGCGAAGGCGACTTGCTAGGATGACACTGACGCTGAGGCACGAAAGCGTGGGGAGCAAACAGG,10234,Bacteria,Campilobacterota,Campylobacteria,Campylobacterales,Helicobacteraceae,NA,NA,NA
TACGGAGGATCCAAGCGTTATCCGGAATTATTGGGTTTAAAGGGTGCGTAGGCGGGACACTAAGTCAGTGGTGAAAAGCTATGGCTCAACCATAGTCGTGCCATAGATACTGGTGTTCTTGAATTAAGTTGGCGTTTGCGGAATGTGTCATGTAGCGGTGAAATGCATAGATATGCCACAGAACTCCGATAGCGAAGGCAGCAAACGAAACTTTGATTGACGCTGATGCACGAAAGCGTGGGTAGCGAACAGG, 6561,Bacteria,Bacteroidota,Bacteroidia,NA,NA,NA,NA,NA
TACGGAGGGGGTTAGCGTTGTTCGGAATTACTGGGCGTAAAGCGCGCGTAGGCGGATTAGTCAGTCAGAGGTGAAATCCCAGGGCTCAACCCTGGAACTGCCTTTGATACTGCTAGTCTTGAGTTCGAGAGAGGTGAGTGGAATTCCGAGTGTAGAGGTGAAATTCGTAGATATTCGGAGGAACACCAGTGGCGAAGGCGGCTCACTGGCTCGATACTGACGCTGAGGTGCGAAAGTGTGGGGAGCAAACAGG, 8422,Bacteria,Proteobacteria,Alphaproteobacteria,Rhodobacterales,Rhodobacteraceae,NA,NA,NA
TACTGAAGGTGCAAGCGTTAATCGGAATCACTGGGCGTAAAGCGCTCGTAGGTGGCTTTGTAAGTCAGGTGTGAAAGCCCACGGCTCAACCGTGGAATTGCACTTGATACTGCATCGCTAGAGTATAGGAGAGGGAAGTGGAATTTCTGGTGTAGGAGTGAAATCCGTAGAGATCAGAAGGAACACCCGTGGCGAAGGCGACTTCCTGGACTATTACTGACACTGAGGAGCGAAAGCGTGGGGAGCAAACAGG,16114,Bacteria,Desulfobacterota,Desulfovibrionia,Desulfovibrionales,Desulfovibrionaceae,Halodesulfovibrio,Halodesulfovibrio,NA
GACGGAGGATGCAAGTGTTATCCGGAATCACTGGGCGTAAAGCGTCTGTAGGTGGTTTAGTAAGTCAACTGTTAAATCTTGAAGCTTAACTTCAAAATCGCAGTCGAAACTATTAGACTAGAGTATAGTAGGGGTAAAGGGAATTTCCAGTGGAGCGGTGAAATGCGTAGATATTGGAAAGAACACCGATGGCGAAGGCACTTTACTGGGCTATTACTGACACTCAGAGACGAAAGCTAGGGTAGCAAATGGG, 1969,Bacteria,Cyanobacteria,Cyanobacteriia,Chloroplast,NA,NA,NA,NA
TACAGAGGGTGCAAGCGTTAATCGGAATTACTGGGCGTAAAGCGAGCGTAGGTGGCTTGATAAGTCAGATGTGAAATCCCCGGGCTTAACCTGGGAACTGCATCTGAAACTGTTAGGCTAGAGTAGGTGAGAGGGAAGTAGAATTTCAGGTGTAGCGGTGAAATGCGTAGAGATCTGAAGGAATACCGATGGCGAAGGCAGCTTCCTGGCATCATACTGACACTGAGGCTCGAAAGCGTGGGTAGCAAACAGG, 2877,Bacteria,Proteobacteria,Gammaproteobacteria,Pseudomonadales,Moraxellaceae,Psychrobacter,Psychrobacter,NA
TACGGAGGGTGCGAGCGTTAATCGGAATTACTGGGCGTAAAGCGCATGCAGGCGGTTGATTAAGCGAGATGTGAAAGCCCCGGGCTTAACCTGGGAACTGCATTTCGAACTGGTCAACTAGAGTCTTGTAGAGGGGGGTAGAATTTCAGGTGTAGCGGTGAAATGCGTAGAGATCTGAAGGAATACCAGTGGCGAAGGCGGCCCCCTGGACAAAGACTGACGCTCAGATGCGAAAGCGTGGGGAGCAAACAGG,12098,Bacteria,Proteobacteria,Gammaproteobacteria,Alteromonadales,Shewanellaceae,Ferrimonas,Ferrimonas,sediminum
TACGGAGGGTGCAAGCGTTAATCGGAATTACTGGGCGTAAAGCGCGCGTAGGTGGTTCAGTCAGTCAGATGTGAAAGCCCCGGGCTCAACCTGGGAACTGCACCTGATACTGCTGAACTCGAGTACGGTAGAGGGTAGTGGAATTTCCTGTGTAGCGGTGAAATGCGTAGATATAGGAAGGAACACCAGTGGCGAAGGCGACTACCTGGACCGATACTGACACTGAGGTGCGAAAGCGTGGGGAGCAAACAGG, 9796,Bacteria,Proteobacteria,Gammaproteobacteria,Oceanospirillales,Nitrincolaceae,Pontibacterium,NA,NA
TACGAAGGGGGCTAGCGTTGCTCGGAATTACTGGGCGTAAAGGGCGCGTAGGCGGATCGTTAAGTCAGAGGTGAAATCCCAGGGCTCAACCCTGGAACTGCCTTTGATACTGGCGATCTTGAGTGTGAGAGAGGTATGTGGAACTCCGAGTGTAGAGGTGAAATTCGTAGATATTCGGAAGAACACCAGTGGCGAAGGCGACATACTGGCTCATTACTGACGCTGAGGCGCGAAAGCGTGGGGAGCAAACAGG, 4788,Bacteria,Proteobacteria,Alphaproteobacteria,Caulobacterales,Caulobacteraceae,Brevundimonas,Brevundimonas,faecalis
TACGGAGGGTGCAAGCGTTAATCGGAATTACTGGGCGTAAAGCGCGCGTAGGTGGCTTGATAAGCCGGTTGTGAAAGCCCCGGGCTCAACCTGGGAACGGCATCCGGAACTGTCAGGCTAGAGTGCAGGAGAGGAAGGTAGAATTCCCGGTGTAGCGGTGAAATGCGTAGAGATCGGGAGGAATACCAGTGGCGAAGGCGGCCTTCTGGACTGACACTGACACTGAGGTGCGAAAGCGTGGGTAGCAAACAGG, 9778,Bacteria,Proteobacteria,Gammaproteobacteria,Oceanospirillales,Halomonadaceae,Halomonas,Halomonas,NA
TACGGAGGGTGCGAGCGTTAATCGGAATTACTGGGCGTAAAGCGCGCGTAGGTGGTTAATTAAGTCAGATGTGAAAGCCCAGGGCTTAACCTTGGAACTGCATTTGAAACTGGTTAACTAGAGTTTTGTAGAGGGTGGTAGAATTTCAGGTGTAGCGGTGAAATGCGTAGAGATCTGAAGGAATACCAGTGGCGAAGGCGGCCACCTGGACAAAGACTGACACTGAGGCGCGAAGGCGTGGGGAGCAAACGGG,12396,Bacteria,Proteobacteria,Gammaproteobacteria,Alteromonadales,Psychromonadaceae,Psychromonas,NA,NA
GACAGGAGGAGCAAGTGTTATTCAGAATTATTGGGCGTAAAGGGCATGTAGGTGGATGTTTGGAGTTGATTGTGCCATTCCAATTGTTAACATTGGGTTTGCAATCAATACTCTTCATCTTGAGGTCAATAGAGGAAAATAGAATTTCTAGTGGAGAGGTTAAATTCTTAGAGATTAGAAGGAATATCGAAAGCGAAGGCAATTTTCTGGGTTGAACCTGACACTGAGATGCGAAAGCGTGGGGAGCAAACAGG, 1276,Bacteria,Proteobacteria,Alphaproteobacteria,Rickettsiales,Mitochondria,NA,NA,NA
TACGGAGGGTGCAAGCGTTATCCGGAATCATTGGGTTTAAAGGGTCCGTAGGCGGGCTAATAAGTCAGAGGTGAAATCCAGCAGCTTAACTGTTGAACTGCCTTTGATACTGTTAGTCTTGAGTTATATGGAAGTAGATAGAATGTGTAGTGTAGCGGTGAAATGCATAGATATTACACAGAATACCGATTGCGAAGGCAGTCTACTACGTATATACTGACGCTAATGGACGAAAGCGTGGGGAGCGAACAGG,10515,Bacteria,Bacteroidota,Bacteroidia,Flavobacteriales,Flavobacteriaceae,Lutibacter,Lutibacter,oricola
TACGAAGGGGGCTAGCGTTGTTCGGAATTACTGGGCGTAAAGCGCGCGTAGGCGGATTGTTAAGTTGGGGGTGAAATCCCGAGGCTCAACCTCGGAACTGCCTTCAATACTGGCAATCTTGAGTCCGGAAGAGGTGAGTGGAACTCCTAGTGTAGAGGTGAAATTCGTAGATATTAGGAAGAACACCAGTGGCGAAGGCGGCTCACTGGTCCGGTACTGACGCTGAGGTGCGAAAGCGTGGGGAGCAAACAGG, 5014,Bacteria,Proteobacteria,Alphaproteobacteria,Rhizobiales,Methyloligellaceae,NA,NA,NA
TACGGAGGGTGCAAGCGTTAATCGGAATTACTGGGCGTAAAGCGCGCGTAGGCGGTTTGTTAAGTCGGATGTGAAAGCCCCGGGCTCAACCTGGGAATTGCATTCGATACTGGCCGACTAGAGTACGAGAGAGGGAGGTAGAATTCCACGTGTAGCGGTGAAATGCGTAGATATGTGGAGGAATACCGGTGGCGAAGGCGGCCTCCTGGCTCGATACTGACGCTGAGGTGCGAAAGCGTGGGTAGCAAACAGG, 9708,Bacteria,Proteobacteria,Gammaproteobacteria,Cellvibrionales,Halieaceae,Halioglobus,NA,NA
TACGGAGGGTCCAAGCGTTATCCGGATTTATTGGGTTTAAAGGGTGCGCAGGCGGAATAATCAGTCAGTGGTGAAATCTCTCGGCTCAACCGAGAAACTGCCATTGATACTGTTATTCTTGAGTATAGTTGTAGTGGGCGGAATATAGCATGTAGCGGTGAAATGCTTAGATATGCTATAGAACACCGATCGCGAAGGCAGCTCACTAAACTATAACTGACGCTCAGGCACGAAAGCGTGGGGAGCAAACAGG, 8608,Bacteria,Bacteroidota,Bacteroidia,Sphingobacteriales,Lentimicrobiaceae,NA,NA,NA
GACGGAGGATGCAAGTGTTATCCGGAATCACTGGGCGTAAAGCGTCTGTAGGTGGTCCAATAAGTCAACTGTTAAATCTTGAGGCTCAACCTCAAAATCGCAGTCGAAACTATTAGACTAGAGTATAGTAGGGGTAAAGGGAATTTCCAGTGGAGCGGTGAAATGCGTAGAGATTGGAAAGAACACCGATGGCGAAGGCACTTTACTGGGCTATTACTAACACTCAGAGACGAAAGCTAGGGTAGCAAATGGG, 1859,Bacteria,Cyanobacteria,Cyanobacteriia,Chloroplast,NA,NA,NA,NA
TACATAGGGTGCAAGCGTTATCCGGAATTATTGGGCGTAAAGCGTTCGTAGGCGGTTTATTAAGTCTGAAGTTAAAGCCTGGGGCTCAACCCCAGCCCGCTTCGGATACTGATAGACTAGAGTTATAGAGAGGTTAGTGGAACTCCATGTGAAGCGGTGGAATGCGTAGATATATGGAAGAACACCAATGGCGAAGGCAACTAACTGGCTATATACTGACGCTGAGGAACGAAAGCGTGGGGAGCAAACAGG, 3919,Bacteria,Firmicutes,Bacilli,Mycoplasmatales,Mycoplasmataceae,Mycoplasma,NA,NA
TACGGGGGGAGCAAGCGTTACTCGGAATCACTGGGCGTAAAGAGCATGTAGGCTGGTAGAAAAGTTGGAAGTGAAATCCTGTGGCTTAACCATAGAACTGCTTCCAAAACTCTCTACCTAGAATATGGGAGAGGTAGATGGAATTTCTGGTGTAGGGGTAAAATCCGTAGAGATCAGAAGGAATACCGATTGCGAAGGCGATCTACTGGAACATTATTGACGCTGAGATGCGAAAGCGTGGGGAGCAAACAGG,13292,Bacteria,Campilobacterota,Campylobacteria,Campylobacterales,Arcobacteraceae,NA,NA,NA
TACGGAGGGCGCAAGCGTTACTCGGAATCACTGGGCGTAAAGAGCGTGTAGGCGGATAAATAAGTTTGAAGTGAAATCCTGTGGCTCAACCATAGAACTGCTTTGAAAACTGTTTATCTAGAATATGGGAGAGGTAGATGGAATTTCTGGTGTAGGGGTAAAATCCGTAGAGATCAGAAGGAATACCGATTGCGAAGGCGATCTACTGGAACATTATTGACGCTGAGACGCGAAAGCGTGGGGAGCAAACAGG, 7363,Bacteria,Campilobacterota,Campylobacteria,Campylobacterales,Arcobacteraceae,Malaciobacter,NA,NA
TACGGAGGGGGTTAGCGTTGTTCGGAATTACTGGGCGTAAAGCGTACGTAGGCGGATTAGTTAGTCAGAGGTGAAATCCCAGGGCTCAACCCTGGAACTGCCTTTGATACTGCTAGTCTTGAGTTCGAGAGAGGTGAGTGGAATTCCGAGTGTAGAGGTGAAATTCGTAGATATTCGGAGGAACACCAGTGGCGAAGGCGGCTCACTGGCTCGATACTGACGCTGAGGTACGAAAGTGTGGGGAGCAAACAGG, 8480,Bacteria,Proteobacteria,Alphaproteobacteria,Rhodobacterales,Rhodobacteraceae,Aliiroseovarius,NA,NA
TACGGAGGGTGCAAGCGTTGTTCGGAATTATTGGGCGTAAAGAGCATGTAGGCGGTTTGTTAAGTCTGGTGTGAAAGCCCGGGGCTCAACCCCGGAAGTGCATTGGATACTGGCAGGCTTGAGTATGGGAGAGGAAAGTGGAATTCCGAGTGTAGGAGTGAAATCCGTAGATATTCGGAGGAACACCAGTGGCGAAGGCGGCTTTCTGGACCAATACTGACGCTGAGATGCGAAAGCGTGGGGAGCGAACAGG,11694,Bacteria,Desulfobacterota,Desulfuromonadia,Geopsychrobacteraceae,Desulfuromusa,NA,NA,NA
TACGGAGGGTGCAAACGTTGCTCGGAATCATTGGGCGTAAAGCGCGCGTAGGCGGTTGGATAAGTTGGATGTGAAAGCCCTGGGCTCAACCTAGGAAGTGCATCCAAAACTGTCCGACTTGAGTCTCGGAGGGGGTCAGAGAATTCCCGGTGTAGAGGTGAAATTCGTAGATATCGGGAGGAATACCAGTGGCGAAGGCGCTGGCCTGGACGAAAACTGACGCTGAGGCGCGAAAGCATGGGGAGCAAACAGG, 8846,Bacteria,Myxococcota,Polyangia,Nannocystales,Nannocystaceae,NA,NA,NA
TACGAACTGTGCGAACGTTATTCGGAATCACTGGGCTTAAAGGGTGCGTAGGCGGCTACAAAGGTCAGATGTGAAATCCCACGGCTCAACCGTGGAACTGCGTCTGAAACCATGTAGCTTGAGGGAGTCAGAGGTAAGCGGAACTGATGGTGGAGCGGTGAAATGCGTTGATATCATCAGGAACACCGGTGGCGAAAGCGGCTTACTGGGACTTTTCTGACGCTGAGGCACGAAAGCTAGGGGAGCGAACGGG, 4413,Bacteria,Planctomycetota,Planctomycetes,Pirellulales,Pirellulaceae,Blastopirellula,NA,NA
TACGGAGGGTGCGAGCGTTGTTCGGAATCACTGGGCGTAAAGGGCGCGCAGGCGGTTTGTTTAGTCAGATGTGAAAGCCCACGGCTTAACCGTGGAAGTGCATTTGAAACTGGCAGACTTGAGTACCAGAGGGGAAGGTGGAATTCCCGGTGTAGAGGTGAAATTCGTAGATATCGGGAGGAATACCGGTGGCGAAGGCGACTTTCTGGCTGGATACTGACGCTGAGGCGCGAAAGCGTGGGGAGCAAACAGG,12712,Bacteria,Desulfobacterota,Desulfobulbia,Desulfobulbales,Desulfobulbaceae,NA,NA,NA
TACGTAAGGGGCAAGCGTTATTCGGATTTACTGGGCGTAAAGGGTGTGTAGGTGGATTAAGAAGTTAGGTATGAAAGTTTTAAGCTTAACTTGAAAATGTTATCTAAAACCATTAATCTTGAGTTTAGAAGGGGAAGACGGAATTTCTAGTGTAAGGGTGGAATCTACAGATATTAGAAAGAACACCGATGGCGAAGGCAGTCTTCTGGTCTAACACTGACACTAAAACACGAAAGCTAGGGGAGCAAACAGG,13833,Bacteria,NA,NA,NA,NA,NA,NA,NA
TACGGAGGGTGCGAGCGTTAATCGGAATTACTGGGCGTAAAGCGCGCGTAGGCGGTTTGTTAAGTTGGATGTGAAAGCCCCGGGCTCAACCTGGGAATTGCACCCGATACTGGCCGACTAGAGTACGAGAGAGGGAGGTAGAATTCCACGTGTAGCGGTGAAATGCGTAGATATGTGGAGGAATACCGGTGGCGAAGGCGGCCTCCTGGCTCGATACTGACGCTGAGGTGCGAAAGCGTGGGGAGCAAACAGG,12348,Bacteria,Proteobacteria,Gammaproteobacteria,Cellvibrionales,Halieaceae,Haliea,NA,NA
TACGTAGGGTGCGAGCGTTAATCGGAATTACTGGGCGTAAAGCGTGCGCAGGCGGCTCTTTAAGACAGGTGTGAAATCCCCGGGCTTAACCTGGGAATTGCGCTTGTGACTGGGGAGCTCGAGTGCGGCAGAGGGGGATGGAATTCCTGGTGTAGCAGTGAAATGCGTAGATATCAGGAGGAACACCGATGGCGAAGGCAGTCCCCTGGGTCGACACTGACGCTCATGCACGAAAGCGTGGGGAGCAAACAGG,15172,Bacteria,Proteobacteria,Gammaproteobacteria,Burkholderiales,Nitrosomonadaceae,oc32,NA,NA
TACGTAGGGGGCAAGCGTTATCCGGAATCATTGGGCGTAAAGCGTGCGTAGGCGGCTTGGAAGGTCAGAGGTGAAAGGCATGGGCTCAACCCATGTAAGCCTTTGAAACCGACAGGCTTGAGATCAGGAGGGGAAAGTGGAATTTCTAGTGTAGCGGTGGAATGCGTAGATATTAGAAGGAACACCAGTGGCGAAGGCGACTTTCTGGACTGATACTGACGCTGAGGCACGAAAGCGTGGGGAGCGAACAGG,14355,Bacteria,Firmicutes,Clostridia,Peptostreptococcales-Tissierellales,Guggenheimella,NA,NA,NA
TACGTAAGGGGCGAGCGTTGTTCGGAATTATTGGGCGTAAAGGGCGTGTAGGCGGTCTTGAAAGTCTGGAGTTAAAGACCACAGCTTAACTGTGGGAGTGCTTCGGAAACTGCAAGACTAGAATCTAGCAGGGGTAATCGGAATTTCTAGTGTAGGGGTGAAATCTGTTGATATTAGAAAGAACACCAGAGGCGAAGGCGGATTACTGGGTTAAGATTGACGCTGAGGCGCGAAAGCGTAGGTAGCAAACAGG,13866,Bacteria,Spirochaetota,Spirochaetia,Spirochaetales,Spirochaetaceae,NA,NA,NA
TACGGAGGGTGCGAGCGTTAATCGGAATTACTGGGCGTAAAGCGTGCGTAGGCGGTTTGATAAGCCAGATGTGAAATCCCGGGGCTTAACCTCGGAACTGCATTTGGAACTGTTTGACTAGAGTACTGTAGAGGGTGGTGGAATTTCCAGTGTAGCGGTGAAATGCGTAGAGATTGGAAGGAACATCAGTGGCGAAGGCGGCCACCTGGACAGATACTGACGCTGAGGCACGAAAGCGTGGGGAGCGAACAGG,12516,Bacteria,Proteobacteria,Gammaproteobacteria,Alteromonadales,Colwelliaceae,Thalassotalea,Thalassotalea,NA
CACGGGGGGCGCAAGCGTTATTCGGAATTATTGGGCGTAAAGGGCGCGTAGGCGGTCTTGTCGGTCAGATGTGAAAGCCCAGGGCTCAACCCTGGACGTGCATTTGAAACAGCAAGACTTGAGTACGGGAGAGGAAAGCGGAATTCCTGGTGTAGAGGTGAAATTCGTAGATATCAGGAGGAACACCGATGGCGAAGGCAGCTTTCTGGACCGATACTGACGCTGAGGCGCGAAGGCGTGGGTAGCGAACGGG,  729,Bacteria,Desulfobacterota,Desulfobacteria,Desulfobacterales,Desulfobacteraceae,Desulfobacula,NA,NA
TACGGAGGGTCCAAGCGTTATCCGGAATCATTGGGTTTAAAGGGTCCGTAGGCGGGCGATTAAGTCAGAGGTGAAATCCCACAGCTCAACTGTGGAACTGCCTTTGATACTGGTTGTCTTGAGTTACAGTGAAGTAGATAGAATATGTAGTGTAGCGGTGAAATGCATAGATATTACATAGAATACCGATTGCGAAGGCAGTCTACTAACTGTGAACTGACGCTAAGGGACGAAAGCGTGGGGAGCGAACAGG, 8550,Bacteria,Bacteroidota,Bacteroidia,Flavobacteriales,Flavobacteriaceae,Actibacter,NA,NA
TACAGAGGGTGCAAGCGTTAATCGGAATTACTGGGCGTAAAGCGCGCGTAGGCGGTTTGTTAAGTTGGATGTGAAAGCCCCGGGCTCAACCTGGGAACTGCATTCAAAACTGGCAGGCTAGAGTATGGTAGAGGGAAGTGGAATTCCGGGTGTAGCGGTGAAATGCGTAGATATCCGGAGGAACATCAGTGGCGAAGGCGGCTTCCTGGACCAATACTGACGCTGAGGTGCGAAAGCGTGGGGAGCAAACAGG, 2974,Bacteria,Proteobacteria,Gammaproteobacteria,Ectothiorhodospirales,Ectothiorhodospiraceae,Thiogranum,NA,NA
TACGGAGGGGGTTAGCGTTGTTCGGAATTACTGGGCGTAAAGCGCACGTAGGCGGATTAGTCAGTCAGAGGTGAAATCCCAGGGCTCAACCCTGGAACTGCCTTTGATACTGCTAGTCTTGAGTTCGAGAGAGGTGAGTGGAATTCCGAGTGTAGAGGTGAAATTCGTAGATATTCGGAGGAACACCAGTGGCGAAGGCGGCTCACTGGCTCGATACTGACGCTGAGGTGCGAAAGCGTGGGGAGCAAACAGG, 8306,Bacteria,Proteobacteria,Alphaproteobacteria,Rhodobacterales,Rhodobacteraceae,NA,NA,NA
TACGGGAGGGGCTAGCGTTATCCGAAATAACTGGGCGTAAAGGGTTCGTAGACTGTATTGTAAATTATTTGATAAATATTAAAGCTTAACTTTAATAAAAACATTTAATATTGCTTTACTTTTGAGTTTTAAACGGAAGAGTAGAATTCTATAAGAAGAAATAAAATCCGTAGATATGTAGAGGAATATCAATAGCGAAAGCGACTCTTTAGTAAAAACTGACGTTGAGGGACAAAAGTGTAGGGAGCAAACAGG,13100,Bacteria,Proteobacteria,Alphaproteobacteria,Rickettsiales,Mitochondria,NA,NA,NA
TACGGAGGGTCCAAGCGTTATCCGGAATCATTGGGTTTAAAGGGTCCGTAGGCGGGATAATAAGTCAGAGGTGAAAGCCCACAGCTCAACTGTGGAACTGCCTTTGATACTGTTGTTCTTGAATTCGGTCGAAGTGGGCGGAATAAGTAGTGTAGCGGTGAAATGCATAGATATTACTTAGAACACCGATAGTGAAGACAGCTCACTAGACCTGGATTGACGCTGAGGGACGAAAGCGTGGGGAGCGAACAGG, 8546,Bacteria,Bacteroidota,Bacteroidia,Flavobacteriales,NA,NA,NA,NA
TACGGAGGGTGCAAGCGTTAATCGGAATTACTGGGCGTAAAGCGCGCGTAGGCGGTTATATAAGTCGGATGTGAAATACCTGGGCTCAACCTGGGAACTGCATTCGATACTGTATAACTAGAGTTTGGTAGAGGGAAGTGGAATTCCACATGTAGCGGTGAAATGCGTAGATATGTGGAGGAACACCAGTGGCGAAGGCGACTTCCTGGACCAAAACTGACGCTGAGGTGCGAAAGCGTGGGTAGCAAACAGG, 9585,Bacteria,Proteobacteria,Gammaproteobacteria,NA,NA,NA,NA,NA
GACGGAGGATGCAAGTGTTATCCGGAATCACTGGGCGTAAAGCGTCTGTAGGTGGTTTAATAAGTCAACTGTTAAATCTTGGAGCTCAACTTCAAAATCGCAGTCGAAACTATTAGACTAGAGTATAGTAGGGGTAAAGGGAATTTCCAGTGGAGCGGTGAAATGCGTAGAGATTGGAAAGAACACCGATGGCGAAGGCACTTTACTGGGCTATTACTGACACTCAGAGACGAAAGCTAGGGTAGCAAATGGG, 1944,Bacteria,Cyanobacteria,Cyanobacteriia,Chloroplast,NA,NA,NA,NA
TACGGAGGGTGCAAGCGTTAATCGGAATTACTGGGCGTAAAGCGCGCGTAGGTGGTTGAGTAAGCGAGATGTGAAAGCCCCGGGCTTAACCTGGGAACGGCATTTCGAACTGCTCGGCTAGAGTGTGGTAGAGGGTAGTGGAATTTCCTGTGTAGCGGTGAAATGCGTAGATATAGGAAGGAACACCAGTGGCGAAGGCGGCTACCTGGACCAACACTGACACTGAGGTGCGAAAGCGTGGGGAGCAAACAGG, 9803,Bacteria,Proteobacteria,Gammaproteobacteria,Alteromonadales,Marinobacteraceae,Marinobacter,Marinobacter,litoralis
TACGGAGGGTGCAAGCGTTAATCGGAATCACTGGGCGTAAAGCGCACGTAGGCGGCCTTGCAAGTCAGACGTGAAAGCCCTCGGCTCAACCGGGGAACTGCGTTTGAAACTGCTTGGCTTGAGTCCGAGAGAGGGTGGCGGAATTCCGGGTGTAGGAGTGAAATCCGTAGATATCCGGAGGAACACCAGTGGCGAAGGCGGCCACCTGGATCGGTACTGACGCTGAGGTGCGAAAGCGTGGGGAGCAAACAGG, 9108,Bacteria,Desulfobacterota,Desulfovibrionia,Desulfovibrionales,Desulfovibrionaceae,Desulfovibrio,NA,NA
TACGGGGGGTGCTAGCGTTAATCGGAATTACTGGGCGTAAAGAGTTTGTAGGCGGTTTGATAAGTCAGATGTGAAAGACCTAAGCTCAACTTAGGAAGTGCATATGATACTGTCTAACTAGAGTTTAACAGAGGATTAAGGAATTTTCGGTGTAGCGGTGAAATGCGTAGATATCGAAAGGAACATCAATGGCGAAGGCAATAATCTGGGATTAGACTGACGCTGAGAAACGAAAGCTTGGGTAGCAAACAGG,13764,Bacteria,Proteobacteria,Gammaproteobacteria,NA,NA,NA,NA,NA
TACAGAGGGTGCGAGCGTTAATCGGAATTACTGGGCGTAAAGCGCGCGTAGGCGGCTTGGTCAGTCGGATGTGAAAGCCCCGGGCTTAACCTGGGAATTGCATTCGATACTGCCTGGCTAGAATGTAGTAGAGGGAAGTGGAATTCCGGGTGTAGCGGTGAAATGCGTAGATATCCGGAGGAACATCAGTGGCGAAGGCGACTTCCTGGACTAACATTGACGCTGAGGTGCGAAAGCGTGGGGAGCAAACAGG, 3322,Bacteria,Proteobacteria,Gammaproteobacteria,B2M28,NA,NA,NA,NA
TACGGAGGGTGCAAGCGTTATTCGGAATCACTGGGCGTAAAGGACGCGTAGGCGGGATAGTAAGTCTGATGTGAAATCCTATGGCTTAACCATAGAACTGCATTGGAAACTACTAACCTAGAGTATGGGAGGGGGAGATGGAATTAGTGGTGTAGGGGTAAAATCCGTAGATATCACTAGGAATACCGAAAGCGAAGGCGATCTCCTGGAACAATACTGACGCTAAGGCGTGAAAGCGTGGGGAGCAAACGGG,10891,Bacteria,Campilobacterota,Campylobacteria,Campylobacterales,Sulfurimonadaceae,Sulfurimonas,NA,NA
TACGTATGGTGCAAGCGTTATCCGGAATCACTGGGCGTAAAGGGTACGTAGGCGGTCATGCAAGTCAGAAGTGAAAGGCTAGGGCTCAACCTTAGTAAGCTTTTGAAACTGCAGGGCTAGAGTTCAGGAGAGGTAAGTGGAATTCCTAGTGTAGAGGTGAAATTCGTAGATATTAGGAGGAACACCAGTGGCGAAGGCGACTTACTGGACTGATACTGACGCTGAGGTACGAAAGCGTGGGGAGCGAACAGG,15887,Bacteria,Firmicutes,Clostridia,Peptostreptococcales-Tissierellales,Fusibacteraceae,Fusibacter,NA,NA
CACGAACTGCGCGAACGTTATTCGGAATCACTGGGCTTAAAGAGTTCGTAGGCGGCTTGGTCAGTCAGATGTGAAATCCCACAGCCCAACTGTGGAACTGCGTTTGATACTGCCAAGCTTGAGGGAGTTAGAGGAAAGCGGAACTGATGGTGGAGCGGTGAAATGCGTTGATATCATCAGGAACACCGGTGGCGAAAGCGGCTTTCTGGAGCTCTTCTGACGCTGAGGAACGAAAGCTAGGGGAGCGAACGGG,  621,Bacteria,Planctomycetota,Planctomycetes,Pirellulales,Pirellulaceae,Blastopirellula,NA,NA
GACGAACCGTACGAACGTTATTCGGAATTACTGGGCTTAAAGGGTGCGTAGGCTGCACGGAAAGTTGGGTGTGAAAGCCCTCAGCTCAACTGAGGAATTGCATCCAAAACTGCCGTGCTTGAGGGAGACAGAGGTGAGCGGAACTCAAGGTGGAGCGGTGAAATGCGTTGATATCTTGAGGAACACCGGTGGCGAAAGCGGCTCACTGGGTCTCTTCTGACGCTGAGGCACGAAAGCTAAGGTAGCAAACGGG, 1432,Bacteria,Planctomycetota,Planctomycetes,Pirellulales,Pirellulaceae,NA,NA,NA
TACGGAGGGTGCAAGCGTTAATCGGAATTACTGGGCGTAAAGCGTACGTAGGCTGTCAAGTCAGTCAGATGTGAAAGCCCTGGGCTTAACCTGGGAACTGCATTTGATACTGCTTGACTCGAATCTGGTAGAGGGTAGTGGAATTCCATGTGTAGCGGTGAAATGCGTAGATATGTGGAGGAACATCAGTGGCGAAGGCGGCTACCTGGACCAAGATTGACGCTGAGGTACGAAAGCGTGGGGAGCGAACAGG, 9884,Bacteria,Proteobacteria,Gammaproteobacteria,Milano-WF1B-44,NA,NA,NA,NA
TACGGAGGGGGTTAGCGTTGTTCGGAATTACTGGGCGTAAAGCGCGCGTAGGCGGATTGGAAAGTTGGGGGTGAAATCCCGGGGCTCAACCCCGGAACTGCCTCCAAAACTCCCAGTCTTGAGTTCGAGAGAGGTGAGTGGAATTCCGAGTGTAGAGGTGAAATTCGTAGATATTCGGAGGAACACCAGTGGCGAAGGCGGCTCACTGGCTCGATACTGACGCTGAGGTGCGAAAGTGTGGGGAGCAAACAGG, 8450,Bacteria,Proteobacteria,Alphaproteobacteria,Rhodobacterales,Rhodobacteraceae,Leisingera,Leisingera,NA
TACGGAGGGTGCAAGCGTTGTTCGGAATTACTGGGCGTAAAGCGCGCGTAGGCGGCTATGTAAGTCAGATGTGAAAGCCCACGGCTCAACCGTGGACGTGCATTTGAAACTGCATGGCTTGAGTACTGGAGGGGGTAGTGGAATTCCCGGTGTAGAGGTGAAATTCGTAGAGATCGGGAGGAATACCGGTGGCGAAGGCGACTACCTGGCCAGATACTGACGCTGAGGTGCGAAAGCGTGGGGAGCAAACAGG,11447,Bacteria,Desulfobacterota,Desulfobulbia,Desulfobulbales,Desulfocapsaceae,NA,NA,NA
TACGGAGGGTGCAAGCGTTAATCGGAATTACTGGGCGTAAAGCGCGCGTAGGTGGCTTGATAAGCCGGTTGTGAAAGCCCCGGGCTCAACCTGGGAACGGCATCCGGAACTGTCAAGCTAGAGTACAGGAGAGGAAGGTAGAATTCCCGGTGTAGCGGTGAAATGCGTAGAGATCGGGAGGAATACCAGTGGCGAAGGCGGCCTTCTGGACTGATACTGACACTGAGGTGCGAAAGCGTGGGTAGCAAACAGG, 9775,Bacteria,Proteobacteria,Gammaproteobacteria,Oceanospirillales,Halomonadaceae,Halomonas,Halomonas,NA
TACGGAGGGTGCAAGCGTTGTTCGGAATTACTGGGCGTAAAGAGCGTGTAGGCGGCCAAGTCAGTCAGATGTGAAAGCCCGTGGCTTAACTGCGGAAGTGCATCTGATACTGCTTGGCTTGAGTCTCGGAGAGGGGTGTGGAATTCCCGGTGTAGAGGTGAAATTCGTAGATATCGGGAGGAACACCAGTGGCGAAGGCGACACCCTGGACGATGACTGACGCTGAGACGCGAAAGCGTGGGGAGCAAACAGG,11400,Bacteria,Desulfobacterota,Desulfarculia,Desulfarculales,Desulfarculaceae,Dethiosulfatarculus,NA,NA
GACGGAGGATGCAAGTGTTATCCGGAATCACTGGGCGTAAAGCGTCTGTAGGTGGCTTAGCAAGTCAACTGTTAAATCTTGAAGCTCAACTTCGAAATCGCAGTCGAAACTGTTAGGCTAGAGTATAGTAGGGGTAAAGGGAATTTCCAGTGGAGCGGTGAAATGCGTAGAGATTGGAAAGAACACCGATGGCGAAGGCACTTTACTGGGCTATTACTGACACTCAGAGACGAAAGCTAGGGTAGCAAATGGG, 1836,Bacteria,Cyanobacteria,Cyanobacteriia,Chloroplast,NA,NA,NA,NA
TACGGAGGGTGCAAGCGTTAATCGGAATTACTGGGCGTAAAGCGCGCGTAGGCGGCTTGGTAAGTCGGATGTGAAAGCCCAGGGCTTAACCCTGGAATTGCATTCGATACTGCCTGGCTAGAGTATGGTAGAGGGAAGTGGAATTTCCGGTGTAGCGGTGAAATGCGTAGATATCGGAAGGAACACCAGTGGCGAAGGCGACTTCCTGGGCCAATACTGACGCTGAGGTGCGAAAGCGTGGGGAGCAAACAGG, 9465,Bacteria,Proteobacteria,Gammaproteobacteria,Steroidobacterales,Woeseiaceae,Woeseia,NA,NA
TACGTAGGTGGCAAGCGTTATCCGGAATTATTGGGCGTAAAGCGCGCGTAGGCGGTTTTTTAAGTCTGATGTGAAAGCCCACGGCTCAACCGTGGAGGGTCATTGGAAACTGGAAAACTTGAGTGCAGAAGAGGAAAGTGGAATTCCATGTGTAGCGGTGAAATGCGCAGAGATATGGAGGAACACCAGTGGCGAAGGCGACTTTCTGGTCTGTAACTGACGCTGATGTGCGAAAGCGTGGGGATCAAACAGG,15513,Bacteria,Firmicutes,Bacilli,Staphylococcales,Staphylococcaceae,Staphylococcus,Staphylococcus,NA
TACGGAGGGTGCGAGCGTTAATCGGAATTACTGGGCGTAAAGCGCATGCAGGTGGTTTGTTAAGTCAGATGTGAAAGCCCGGGGCTCAACCTCGGAATTGCATTTGAAACTGGCAGGCTAGAGTACTGTAGAGGGGGGTAGAATTTCAGGTGTAGCGGTGAAATGCGTAGAGATCTGAAGGAATACCGGTGGCGAAGGCGGCCCCCTGGACAGATACTGACACTCAGATGCGAAAGCGTGGGGAGCAAACAGG,12180,Bacteria,Proteobacteria,Gammaproteobacteria,Vibrionales,Vibrionaceae,Vibrio,Vibrio,NA
TACGGAGGATGCAAGCGTTATCCGGATTCATTGGGTTTAAAGGGTGCGCAGGCGGGCTTATAAGTCAGTGGTGAAATGCTGCCGCTTAACGGTAGAACTGCCATTGATACTGCAAGTCTTGAATATGGTTGAGGTAGGCGGAATGTGTTGTGTAGCGGTGAAATGCATAGATATGACACAGAACGCCGATTGCGAAGGCAGCTTACTAAGCCATGATTGACGCTGAGGCACGAAAGCGTGGGGAGCGAACAGG, 6777,Bacteria,Bacteroidota,Bacteroidia,Bacteroidales,Prolixibacteraceae,Draconibacterium,NA,NA
TACGGGGGGTGCGAGCGTTATTCGGAATTACTGGGCGTAAAGAGCGCGTAGGCGGTCTTTTAAGTCAGGTGTGAAAGCCCGGGGCTCAACCCCGGAAGTGCACTTGAAACTAAGAGACTTGAGTATGGGAGAGGGAAGTGGAATTCCTGGTGTAGCGGTGAAATGCGTAGATATCAGGAGGAACATCGGTGGCGAAGGCGACTTCCTGGACCAATACTGACGCTGAGGCGCGAAGGCGTGGGGAGCAAACAGG,13749,Bacteria,Desulfobacterota,Desulfobacteria,Desulfobacterales,Desulfosarcinaceae,Sva0081 sediment group,NA,NA
TACAGAGGGTGCGAGCGTTAATCGGAATTACTGGGCGTAAAGCGCGCGTAGGCGGTTTGTTAAGTCGGATGTGAAATCCCAGGGCTCAACCTTGGAATGGCACCCGATACTGGCAGGCTAGAGTACGGTAGAGGGGTGTGGAATTTCCTGTGTAGCGGTGAAATGCGTAGATATAGGAAGGAACATCAGTGGCGAAGGCGACACTCTGGACCGATACTGACGCTGAGGTGCGAAAGCGTGGGGAGCAAACAGG, 3340,Bacteria,Proteobacteria,Gammaproteobacteria,Oceanospirillales,Marinomonadaceae,Marinomonas,NA,NA
TACGGAGGGTGCAAGCGTTGTTCGGAATTACTGGGCGTAAAGCGCGCGTAGGCGGCTAGATAAGTCAGATGTGAAAGCCCGCGGCTCAACCGTGGAAGAGCATTTGAAACTGTCTAGCTTGAGTACTGGAGGGGGTAGTGGAATTCCCGGTGTAGAGGTGAAATTCGTAGATATCGGGAGGAATACCGGTGGCGAAGGCGACTACCTGGCCAGATACTGACGCTGAGGTGCGAAAGCGTGGGGAGCAAACAGG,11440,Bacteria,Desulfobacterota,Desulfobulbia,Desulfobulbales,Desulfocapsaceae,NA,NA,NA
TACGGGAGTGGCAAGCGTTATCCGGAATTATTGGGCGTAAAGCGTCCGCAGGCGGCCCATCAAGTCTGCTGTTAAAAAGTGGAGCTTAACTCCATCATGGCAGTGGAAACTGTTGGGCTAGAGTGTGGTAGGGGCAGAGGGAATTCCCGGTGTAGCGGTGAAATGCGTAGATATCGGGAAGAACACCAGTGGCGAAGGCGCTCTGCTGGGCCATAACTGACGCTCATGGACGAAAGCCAGGGGAGCGAAAGGG,13123,Bacteria,Cyanobacteria,Cyanobacteriia,Synechococcales,Cyanobiaceae,Synechococcus CC9902,NA,NA
TACAGAGGGTGCGAGCGTTAATCGGAATTACTGGGCGTAAAGCGCGCGTAGGCGGCTTGGTCAGTCGGATGTGAAAGCCCCGGGCTTAACCTGGGAATTGCATTCGATACTGCCAGGCTGGAGTGTAGTAGAGGGAAGCGGAATTCCGGGTGTAGCGGTGAAATGCGTAGAGATCCGGAGGAACATCAGTGGCGAAGGCGGCTTCCTGGACTAACACTGACGCTGAGGTGCGAAAGCGTGGGGAGCAAACAGG, 3320,Bacteria,Proteobacteria,Gammaproteobacteria,B2M28,NA,NA,NA,NA
TACGGAGGGGGTTAGCGTTGTTCGGAATTACTGGGCGTAAAGCGCGCGTAGGCGGATTAGAAAGTTGGGGGTGAAATCCCGGGGCTCAACCCCGGAACTGCCTCCAAAACTGCTAGTCTAGAGTTCGAGAGAGGTGAGTGGAATTCCGAGTGTAGAGGTGAAATTCGTAGATATTCGGAGGAACACCAGTGGCGAAGGCGGCTCACTGGCTCGATACTGACGCTGAGGTGCGAAAGTGTGGGGAGCAAACAGG, 8414,Bacteria,Proteobacteria,Alphaproteobacteria,Rhodobacterales,Rhodobacteraceae,HIMB11,NA,NA
TACGGAGGGTGCGAGCGTTAATCGGAATTACTGGGCGTAAAGCGCATGCAGGCGGTCTGTTAAGCAAGATGTGAAAGCCCGGGGCTTAACCTCGGAACAGCATTTTGAACTGGCAGGCTAGAGTCTTGTAGAGGGGGGTAGAATTTCAGGTGTAGCGGTGAAATGCGTAGAGATCTGAAGGAATACCGGTGGCGAAGGCGGCCCCCTGGACAAAGACTGACGCTCAGATGCGAAAGCGTGGGGAGCAAACAGG,12089,Bacteria,Proteobacteria,Gammaproteobacteria,Vibrionales,Vibrionaceae,Photobacterium,Photobacterium,marinum
TACGGAGGGGGTTAGCGTTGTTCGGAATTACTGGGCGTAAAGCGCACGTAGGCGGATCAGAAAGTTGGGGGTGAAATCCCAGGGCTCAACCCTGGAACTGCCTCCAAAACTCCTGGTCTTGAGTTCGAGAGAGGTGAGTGGAATTCCGAGTGTAGAGGTGAAATTCGTAGATATTCGGAGGAACACCAGTGGCGAAGGCGGCTCACTGGCTCGATACTGACGCTGAGGTGCGAAAGTGTGGGGAGCAAACAGG, 8291,Bacteria,Proteobacteria,Alphaproteobacteria,Rhodobacterales,Rhodobacteraceae,Phaeobacter,NA,NA
TACGGAGGGTGCAAGCGTTAATCGGAATTACTGGGCGTAAAGCGCGCGTAGGCGGATTGTTAAGTCTCATGTGAAAGCCCTGGGCTCAACCTGGGAACTGCATGGGATACTGGCAATCTAGAATACAGTAGAGGGTAGTGGAATTTCAGGTGTAGCGGTGAAATGCGTAGAGATCTGAAGGAACATCAGTGGCGAAGGCGACTACCTGGACTGATATTGACGCTGAGGTGCGAAAGCGTGGGGAGCAAACGGG, 9380,Bacteria,Proteobacteria,Gammaproteobacteria,Oceanospirillales,Kangiellaceae,Aliikangiella,NA,NA
TACGGAGGGTGCGAGCGTTAATCGGAATTACTGGGCGTAAAGCGTGCGTAGGCGGTCTTGTAAGTCAGATGTGAAATCCCACGGCTCAACCGTGGAACTGCATTTGATACTGCTGGACTGGAGTCTCGGAGAGGTTAGCGGAATTCCAGGTGTAGGAGTGAAATCCGTAGATATCTGGAGGAACATCAGTGGCGAAGGCGGCTAACTGGACGAGTACTGACGCTGAGGTACGAAAGCGTGGGGAGCAAACAGG,12488,Bacteria,Desulfobacterota,Desulfovibrionia,Desulfovibrionales,Desulfovibrionaceae,Desulfovibrio,NA,NA
TACGGGGGGTGCGAGCGTTATTCGGAATTACTGGGCGTAAAGAGCGCGTAGGCGGTCTTTTAAGTCAGGTGTGAAAGCCCGGGGCTCAACCCCGGAAGTGCACTTGAAACTAAGAGACTTGAGTATGGGAGAGGGAAGTGGAATTCCTGGTGTAGCGGTGAAATGCGTAGATATCAGGAGGAACATCAGTGGCGAAGGCGACTTCCTGGACCAATACTGACGCTGAGGCGCGAAGGCGTGGGGAGCAAACAGG,13748,Bacteria,Desulfobacterota,Desulfobacteria,Desulfobacterales,Desulfosarcinaceae,Sva0081 sediment group,NA,NA
TACGGAGGGTGCGAGCGTTAATCGGAATTACTGGGCGTAAAGCGCGCGTAGGCGGTTTGTTAAGTCAGCTGTGAAAGCCCTGGGCTCAACCTGGGAACTGCAGTTGATACTGGCCGACTAGAGTACGAGAGAGGGAGGTAGAATTCCACGTGTAGCGGTGAAATGCGTAGATATGTGGAGGAATACCGGTGGCGAAGGCGGCCTCCTGGCTCGATACTGACGCTGAGGTGCGAAAGCGTGGGGAGCAAACAGG,12319,Bacteria,Proteobacteria,Gammaproteobacteria,Cellvibrionales,Halieaceae,Halioglobus,NA,NA
TACGAAAGGTGCAAGCGTTAATCGGAATTACTGGGCGTAAAGCGCGCGTAGGCGGCTTGGTAAGTTGGATGTGAAAGCCCCGGGCTCAACCTGGGAACTGCATCCAAAACTGCCTAGCTAGAGTATGGTAGAGGATGGCGGAATTTCCTGTGTAGCGGTGAAATGCGTAGATATAGGAAGGAACATCAGTGGCGAAGGCGGCCATCTGGACCAATACTGACGCTGAGGTGCGAAAGCGTGGGGAGCAAACAGG, 4248,Bacteria,Proteobacteria,Gammaproteobacteria,Oceanospirillales,Litoricolaceae,Litoricola,NA,NA
TACGTATGTGGCAAGCGTTACTCGGAATCACTGGGCGTAAAGCGTACGTAGGCGGACATATAAGTCAGAAGTGAAATTTCAGGGCTCAACCCTGAACCTGCTTTTGAAACTGTATGTCTTGAGTATCAGAGGGGTAGATGGAATTCTTGGTGTAGCGGTGGAATGCGTAGATATCAAGAAGAACACCAGAGGCGAAGGCGGTCTACTGGCTGAATACTGACGCTGATGTACGAAAGCGTGGGGAGCGAACAGG,16022,Bacteria,Fibrobacterota,Chitinivibrionia,Chitinivibrionales,Chitinivibrionaceae,possible genus 03,NA,NA
GACGGAGGATGCAAGTGTTATCCGGAATCACTGGGCGTAAAGCGTCTGTAGGTGGTTAAGCAAGTCAACTGTTAAATCTTGAGGCTCAACTTCAAAATCGCAGTCGAAACTGCTTGACTAGAGTATAGTAGGGGTAAAGGGAATTTCCAGTGGAGCGGTGAAATGCGTAGATATTGGAAAGAACACCGATGGCGAAGGCACTTTACTGGGCTATTACTGACACTCAGAGACGAAAGCTAGGGTAGCAAATGGG, 1868,Bacteria,Cyanobacteria,Cyanobacteriia,Chloroplast,NA,NA,NA,NA
TACGGAGGGTGCGAGCGTTAATCGGAATCACTGGGCGTAAAGCGTGCGTAGGCGGCGCGGTCAGTCAGAAGTGAAAGCCCTCGGCTCAACCGAGGAATTGCTTTTGATACTGCCGTGCTTGAGTCCCGGAGAGGTTGGCGGAATTCCAGGTGTAGGAGTGAAATCCGTAGATATCTGGAGGAACACCAGTGGCGAAGGCGGCCAACTGGACGGGTACTGACGCTGAGGTACGAAAGCGTGGGGAGCAAACAGG,11997,Bacteria,Desulfobacterota,Desulfovibrionia,Desulfovibrionales,Desulfovibrionaceae,Desulfovibrio,NA,NA
TACGGAGGGTGCAAGCGTTATCCGGATTTATTGGGTTTAAAGGGTGCGTAGGCGGGCTATCAAGTCAGTGGTGAAATCCCGCAGCTCAACTGCGGAACTGCCATTGAAACTAGTAGCCTTGAGTGCGGTTGAAGTGGATGGAATGTGTCATGTAGCGGTGAAATGCATAGATATGACACAGAACACCGATAGCGAAGGCAGTCCACTAAACCGCCACTGACGCTGAGGCACGAAAGCGTGGGTAGCGAACAGG,10866,Bacteria,Bacteroidota,Bacteroidia,NA,NA,NA,NA,NA
TACGTAGGGGGCAAGCGTTATCCGGAATCACTGGGCGTAAAGGGAGTGTAGGCGGTCAAGCAAGTCAGAGGTGAAAGGCATCGGCTCAACCGGTGTAAGCCTTTGAAACTGTTTGACTTGAGTGCAGGAGAGGTAAGTGGAATTCCTAGTGTAGCGGTGAAATGCGTAGATATTAGGAGGAACACCAGTGGCGAAGGCGACTTACTGGACTGTAACTGACGCTGAGGCTCGAAAGCGTGGGGAGCGAACAGG,14309,Bacteria,Firmicutes,Clostridia,Peptostreptococcales-Tissierellales,Fusibacteraceae,Fusibacter,NA,NA
TACGGGAGGGGCAAGCGTTATCCGAAATGACTGGGCGTAAAGAGTCCGTAGACTGTACTGTAAGTTATTTGTTAAATCCTAAAGCTCAACTTTAGAACAGCTTATAATACTACTTTACTTGAGTTTTGTTCAGAAGAGTAGAATTCCATGTTTAGGGATAAGCCCCGTAGATATATGGAGGAACACCTGTGGCGAAGGCGACTCTTTGGTAAAAACTGACGTTGAGGGACGAAAGTGTAGGGAGCAAACAGG,13051,Bacteria,Proteobacteria,Alphaproteobacteria,Rickettsiales,Mitochondria,NA,NA,NA
TACGGAGGGTGCAAACGTTGTTCGGAATTATTGGGCGTAAAGAGCATGTAGGCGGTTGTTTAAGTCTGATGTGAAAGCCCTGGGCTCAACCCAGGAAGTGCATTGGATACTGGGCAACTTGAGTACGGGAGAGGAAAGTGGAATTTCGAGTGTAGGGGTGAAATCCGTAGATATTCGAAGGAACACCAGTGGCGAAGGCGGCTTTCTGGACCGATACTGACGCTGAGATGCGAAAGCGTGGGGAGCAAACAGG, 8927,Bacteria,Desulfobacterota,Desulfuromonadia,Sva1033,NA,NA,NA,NA
TACGGAGGGTGCAAGCGTTAATCGGAATCACTGGGCGTAAAGCGCACGTAGGCGGCTTGGCAAGTCAGACGTGAAAGCCCTCGGCTCAACCGAGGAACTGCGTTTGAAACTGCTTAGCTTGAGTCCGAGAGAGGGTGGCGGAATTCCGGGTGTAGGAGTGAAATCCGTAGATATCCGGAGGAACACCAGTGGCGAAGGCGGCCACCTGGATCGGTACTGACGCTGAGGTGCGAAAGCGTGGGGAGCAAACAGG, 9120,Bacteria,Desulfobacterota,Desulfovibrionia,Desulfovibrionales,Desulfovibrionaceae,Desulfovibrio,NA,NA
TACAGAGGGTGCAAGCGTTAATCGGAATTACTGGGCGTAAAGCGCGCGTAGGTGGTTTGTTAAGTTGAATGTGAAATCCCCGGGCTCAACCTGGGAACTGCATCCAAAACTGGCAAGCTAGAGTATGGTAGAGGGTAGTGGAATTTCCTGTGTAGCGGTGAAATGCGTAGATATAGGAAGGAACACCAGTGGCGAAGGCGACTACCTGGACTGATACTGACACTGAGGTGCGAAAGCGTGGGGAGCAAACAGG, 3015,Bacteria,Proteobacteria,Gammaproteobacteria,Pseudomonadales,Pseudomonadaceae,Pseudomonas,Pseudomonas,NA
TACGGAGGATCCGAGCGTTATCCGGAATCATTGGGTTTAAAGGGTCCGTAGGCGGGCAATTAAGTCAGTGGTGAAAGTCTTCCGCTCAACGGGAGAACTGCCATTGATACTGATTGTCTTGAGTTATTATGAAGTGGTTAGAATGAGTAGTGTAGCGGTGAAATGCATAGATATTACTCAGAATACCGATTGCGAAGGCAGATCACTAATAATACACTGACGCTGATGGACGAAAGCGTAGGTAGCGAACAGG, 6663,Bacteria,Bacteroidota,Bacteroidia,Flavobacteriales,Flavobacteriaceae,Salegentibacter,NA,NA
TACGGAGGGTGCAAGCGTTGTCCGGATTTATTGGGTTTAAAGGGTGCGTAGGCGGTGCGTTAAGTCAGTGGTGAAATCTCTCGGCTCAACCGAGAAACTGCCATTGATACTGGCGCACTTGAGTACGGACGAGGTAGGCGGAATTTATGGTGTAGCGGTGAAATGCATAGATACCATAAAGAACACCGATAGCGAAGGCAGCTTACTAGACCGTAACTGACGCTCAGGCACGAAAGCGTGGGGAGCGAACAGG,11272,Bacteria,Bacteroidota,Bacteroidia,Cytophagales,Cyclobacteriaceae,NA,NA,NA
TACGGAGGGTGCAAGCGTTAATCGGAATTACTGGGCGTAAAGCGCGCGTAGGCGGCTTGGTCAGTCAGATGTGAAAGCCCCGGGCTTAACCTGGGAATTGCATTTGATACTGCCTGGCTAGAGTGTGGTAGAGGGAAGTGGAATTCCAGGTGTAGCGGTGAAATGCGTAGATATCTGGAGGAACACCAGTGGCGAAGGCGACTTCCTGGACCAACACTGACGCTGAGGTGCGAAAGCGTGGGTAGCAAACAGG, 9472,Bacteria,Proteobacteria,Gammaproteobacteria,Chromatiales,Chromatiaceae,Candidatus Thiobios,NA,NA
TACGGAGGGTGCAAGCGTTATTCGGAATCACTGGGCGTAAAGAGCGCGTAGGCGGTTTCTAAAGTCAGATGTGAAAGCCCGGGGCTCAACCCCGGAAGTGCATTTGAAACTTAGGGACTTGAGTATGGGAGAGGGAAGTGGAATTCCTGGTGTAGCGGTGAAATGCGTAGATATCAGGAGGAACACCGGTGGCGAAGGCGACTTCCTGGACCAATACTGACGCTGAGGCGCGAAGGCGTGGGGAGCAAACAGG,10881,Bacteria,Desulfobacterota,Desulfobacteria,Desulfobacterales,Desulfosarcinaceae,Sva0081 sediment group,NA,NA
TACGTAAGGAGCGAGCGTTGTTCGGAATTATTGGGCGTAAAGTGCGTGCAGGCGGTTTGCTAAGTCTGATGTGAAAGCATACAGCTTAACTGTATTGTTGCGTTGGAAACTAGCAGACTAGAATTCGAGAGAGGAAATTGGAATTCCTGGTGTAGGGGTGAAATCTGTTGATATCAGGAAGAACACCTGAGGCGAAAGCGAATTTCTGGCTCTGAATTGACGCTGTAGCGCGAAAGCGTAGGGAGCAAACAGG,13806,Bacteria,NA,NA,NA,NA,NA,NA,NA
TACGGAGGGAGCTAGCGTTGTTCGGAATTACTGGGCGTAAAGCGCGCGTAGGCGGCTTGGTAAGTAGAGGGTGAAATCCCAGAGCTCAACTCTGGAACTGCCCCCTAAACTGCTGAGCTAGAATCCTGGAGAGGTGAGTGGAATTCCTAGTGTAGAGGTGAAATTCGTAGATATTAGGAAGAACACCAGTGGCGAAGGCGACTCACTGGACAGGTATTGACGCTGAGGTGCGAAAGCGTGGGGAGCGAACAGG, 7282,Bacteria,Proteobacteria,Alphaproteobacteria,Kordiimonadales,Kordiimonadaceae,Kordiimonas,NA,NA
TACGGGGGGTGCGAGCGTTATTCGGATTTACTGGGCGTAAAGAGCGCGTAGGCGGTCTTTTAAGTCAGGTGTGAAAGCCCGGGGCTCAACCCCGGAAGTGCACTTGAAACTAAGAGACTTGAGTATGGGAGAGGGAAGTGGAATTCCTGGTGTAGCGGTGAAATGCGTAGATATCAGGAGGAACATCGGTGGCGAAGGCGACTTCCTGGACCAATACTGACGCTGAGGCGCGAAGGCGTGGGGAGCAAACAGG,13755,Bacteria,Desulfobacterota,Desulfobacteria,Desulfobacterales,Desulfosarcinaceae,Sva0081 sediment group,NA,NA
ACGTGTCAGCCGCGGTAATACGTAGGGGGCGAACGTTGTTCGGAATCACTGGGCGTAAAGGGTGCGCAGGCTGCTCATCAAGTCAGTTGTGAAATTTCGTGGCTCAACCACGAAGCTGCTGCTGATACTGTTGGGCTAGAGTCATAGATAGAGGTAGCGGGAATTCCTGGTGTAGGAGTGAAATCTGTAGATATCAGGAGGAACACCAAGGGTGAAGACAAGCTACTGGGTAATGACTGACGCTGAGGCACGAAAGCTAGGGGAGCAAATGGG,  389,Bacteria,Spirochaetota,Spirochaetia,Spirochaetales,Spirochaetaceae,NA,NA,NA
TACGGAGGGTGCAAGCGTTAATCGGAATTACTGGGCGTAAAGCGCGCGTAGGCGGAATATTAAGTCTCATGTGAAAGCCCTGGGCTCAACCTGGGAACTGCATGGGATACTGGTATTCTAGAATACAGTAGAGGGAGGTGGAATTTCAGGTGTAGCGGTGAAATGCGTAGAGATCTGAAGGAACATCAGTGGCGAAGGCGACCTCCTGGACTGATATTGACGCTGAGGTGCGAAAGCGTGGGGAGCAAACAGG, 9349,Bacteria,Proteobacteria,Gammaproteobacteria,Oceanospirillales,Kangiellaceae,Aliikangiella,Aliikangiella,marina
TACGTAGGGTGCGAGCGTTAATCGGAATTACTGGGCGTAAAGCGTGCGCAGGCGGTTTTGTAAGTCAGATGTGAAATCCCCGAGCTTAACTTGGGAACTGCGTTTGAAACTACAAGACTAGAGTGTGTCAGAGGGGGGTAGAATTCCACGTGTAGCAGTGAAATGCGTAGAGATGTGGAGGAATACCAATGGCGAAGGCAGCCCCCTGGGATAACACTGACGCTCATGCACGAAAGCGTGGGGAGCGAACAGG,15309,Bacteria,Proteobacteria,Gammaproteobacteria,Burkholderiales,Methylophilaceae,OM43 clade,NA,NA
TACGGAGGGTGCAAGCGTTGTCCGGATTTATTGGGTTTAAAGGGTGCGTAGGCGGTCCGTTAAGTCAGTGGTGAAATCCAGCAGCTCAACTGCTGAACTGCCATTGATACTGGCGGACTTGAGTACGGACGAGGTAGGCGGAATTTATGGTGTAGCGGTGAAATGCATAGATACCATAAAGAACACCGATAGCGAAGGCAGCTTACTAGACCGTAACTGACGCTCAGGCACGAAAGCGTGGGGAGCGAACAGG,11261,Bacteria,Bacteroidota,Bacteroidia,Cytophagales,Cyclobacteriaceae,NA,NA,NA
TACTGAGGGTGCAAGCGTTAATCGGAATTACTGGGCGTAAAGCGAGTGTAGGCGGCTTCGTAAGTCGGATGTGAAAGCCCTGGGCTTAACCTGGGAATTGCATTCGATACTGCGCAGCTAGAGTTTGATAGAGGAAAGTGGAATTCCAGGTGTAGCGGTGAAATGCGTAGATATCTGGAGGAACACCAGTGGCGAAGGCGGCTTTCTGGATCAAAACTGACGCTGAGGCTCGAAAGCGTGGGGAGCAAACAGG,16164,Bacteria,Proteobacteria,Gammaproteobacteria,Gammaproteobacteria Incertae Sedis,Unknown Family,NA,NA,NA
TACATAGGTGACAAGCGTTATCCGGAATTATTGGGCGTAAAGCGTATGTAGGTGGTTTATTAAGTCTGAAGTTAAATACTGGTGCTCAACACCAGCTCGCTTTGGATACTGGTAGACTAGAGTTATAGAGAGGTTAATGGAACTCCTAGTGAAGCGGTGGAATGCGTAGATATTAGGAAGAACACCAAAGGCGAAGGCAATTAACTGGCTATACACTGACACTCAGATACGAAAGCGTGGGGAGCAAATAGG, 4040,Bacteria,Firmicutes,Bacilli,Mycoplasmatales,Mycoplasmataceae,Mycoplasma,NA,NA
TACGTAGGTCTCAAGCGTTATCCGGAATTATTGGGCGTAAAGGGTCCGTAGACGGTTTATTAAGTCTGATGTGAAAGCCACCGGCTCAACCGGTGAAACGCATTAGATACTGGTAAACTAGAGTATGTTAGAGGATAGTGGAATTCCATGTGTAGCGGTGAAATGCGTAGATATATGGAGGAACACCAGTGGCGAAGGCGGCTATCTGGGACATTACTGACGTTGAGGGACGAAAGCGTGGGGAGCGAACAGG,15464,Bacteria,Firmicutes,Bacilli,Mycoplasmatales,Mycoplasmataceae,NA,NA,NA
GGTGCCAGCCGCGGTAATACGTAGGGGGCGAACGTTGTTCGGAATCACTGGGCGTAAAGGGTGCGCAGGCTGCTCATCAAGTCAGTTGTGAAATTTCGTGGCTCAACCACGAAGCTGCTGCTGATACTGTTGGGCTAGAGTCATAGATAGAGGTAGCGGGAATTCCTGGTGTAGGAGTGAAATCTGTAGATATCAGGAGGAACACCAAGGGTGAAGACAAGCTACTGGGTAATGACTGACGCTGAGGCACGAAAGCTAGGGGAGCAAATGGG, 2420,Bacteria,Spirochaetota,Spirochaetia,Spirochaetales,Spirochaetaceae,NA,NA,NA
TACGGAGGGTCCGAGCGTTATCCGGAATCATTGGGTTTAAAGGGTCCGTAGGCGGGCCGGTAAGTCAGAGGTGAAATCCCGTCGCTCAACGATGGAACTGCCTTTGATACTGTCGGTCTTGAGTCATGGTGAAGTTGCCGGAATATGTAGTGTAGCGGTGAAATGCATAGATATTACATAGAACACCGATTGCGAAGGCAGGTGGCTAACCATGGACTGACGCTGATGGACGAAAGCGTGGGGAGCGAACAGG, 8725,Bacteria,Bacteroidota,Bacteroidia,Flavobacteriales,Flavobacteriaceae,NA,NA,NA
TACGGAGGGTGCGAGCGTTGTTCGGAATTACTGGGCGTAAAGGGCGCGTAGGCGGCTTTATAAGTCAGATGTGAAAGCCCACGGCTTAACTGTGGAAGTGCATTTGAAACTGTGAAGCTTGAGTATCGGAGGGGAGTGTGGAATTCCCGGTGTAGAGGTGAAATTCGTAGAGATCGGGAGGAACACCGGTGGCGAAGGCGACACTCTGGACGAATACTGACGCTGAGGCGCGAAAGCGTGGGGAGCAAACAGG,12770,Bacteria,Desulfobacterota,Desulfobulbia,Desulfobulbales,Desulfobulbaceae,NA,NA,NA
TACGGAGGGTGCAAGCGTTAATCGGAATTACTGGGCGTAAAGCGCGCGTAGGCGGTTTTGTAAGCTGGGTGTGAAAGCCCCGGGCTCAACCTGGGAACTGCATCCAGAACTGCAAGGCTAGAGTACGAGAGAGGGTGGTAGAATTTCCTGTGTAGCGGTGAAATGCGTAGATATAGGAAGGAATACCAGTGGCGAAGGCGGCCACCTGGCTTGATACTGACGCTGAGGTGCGAAAGCGTGGGGAGCGAACAGG, 9735,Bacteria,Proteobacteria,Gammaproteobacteria,MBAE14,NA,NA,NA,NA
TACGTAGGGGGCTAGCGTTATCCGGATTTATTGGGCATAAAGGGTATGTAGGTGGTATTTTAAGTCAGGTGTTAAATGCTGTGGCTCAACCATAGTACGCGCTTGAAACTGATTTACTAGAGGACAAGAGAGGAAAGCGGAACTCACGGTGTAGCGGTGAAATGCGTAGATATCGTGGGGAACACCAGTTGCGAAGGCGGCTTTCTGGCTTGATCCTGACACTGATGTACGAAAGCATGGGGAGCGAACGGG,14737,Bacteria,Margulisbacteria,NA,NA,NA,NA,NA,NA
TACGGAGGGTGCAAGCGTTAATCGGAATTACTGGGCGTAAAGCGCGCGTAGGCGGTTTGTTAAGCTGGATGTGAAAGCCCCGGGCTCAACCTGGGAACTGCATTCAGAACTGGCAGGCTAGAGTATTGGAGAGGTGAGTGGAATTTCCCGTGTAGCAGTGAAATGCGTAGATATGGGAAGGAACACCAGTGGCGAAGGCGACTCACTGGCCAAATACTGACGCTGAGGTGCGAAAGCGTGGGGAGCAAACGGG, 9678,Bacteria,Proteobacteria,Gammaproteobacteria,Cellvibrionales,Cellvibrionaceae,Umboniibacter,Umboniibacter,caenipelagi
TACGGAGGGTGCAAGCGTTGTTCGGAATTACTGGGCGTAAAGCGCGTGTAGGCGGCCCGATCAGTCGGATGTGAAATCCCTCGGCTCAACTGAGGAACTGCATCCGATACTGCCGGGCTTGAGTCTTGGAGGGGGAAGTGGAATTCCCGGTGTAGAGGTGAAATTCGTAGATATCGGGAGGAACACCAGTGGCGAAGGCGACTTCCTGGACAAAGACTGACGCTGAGACGCGAAAGCGTGGGGAGCAAACAGG,11559,Bacteria,Desulfobacterota,Desulfarculia,Desulfarculales,Desulfarculaceae,NA,NA,NA
TACGAAGGGGGCTAGCGTTGTTCGGAATCACTGGGCGTAAAGCGCGCGTAGGCGGACTTTTAAGTCAGGGGTGAAATCCCGGGGCTCAACCTCGGAACTGCCTTTGATACTGGAAGTCTTGAGTTCGAGAGAGGTGAGTGGAATACCGAGTGTAGAGGTGAAATTCGTAGATATTCGGTGGAACACCAGTGGCGAAGGCGGCTCACTGGCTCGATACTGACGCTGAGGTGCGAAAGCGTGGGGAGCAAACAGG, 4872,Bacteria,Proteobacteria,Alphaproteobacteria,Rhizobiales,Rhizobiaceae,Cohaesibacter,Cohaesibacter,gelatinilyticus
TACGGGGGGTGCTAGCGTTAATCGGAATTACTGGGCGTAAAGAGTTTGTAGGTGGTTAAATAAGTCAGATGTGAAAGACCTAAGCTTAACTTAGGAAGTGCATATGATACTGTTTATCTAGAGTTTAACAGAGGATTAGGGAATTTTCGGTGTAGCGGTGAAATGCGTAGATATCGAAAGGAACATCAATGGCGAAGGCAATAATCTGGGATTAGACTGACACTGAGAAACGAAAGCTTGGGTAGCAAACAGG,13765,Bacteria,Proteobacteria,Gammaproteobacteria,NA,NA,NA,NA,NA
TACGGAGGGGGCCAGCGTTGTTCGGAATAACTGGGCGTAAAGGGTCCGTAGGCGGCCATACAAGTCTTGGGTGAAATCCCCCGGCTCAACTGGGGAACTGCCTGGGAAACTGTGTGGCTTGAGTTCGGTAGAGGGAGATGGAATTCCGGGTGTAGCGGTGAAATGCGTAGATATCCGGAGGAACACCAGTGGCGAAGGCGATCTCCTGGGCCGATACTGACGCTGAGGGACGAAAGCTAGGGGAGCAAACAGG, 7677,Bacteria,Acidobacteriota,Subgroup 26,NA,NA,NA,NA,NA
TACGGAGGGTGCGAGCGTTAATCGGAATTACTGGGCGTAAAGCGCGCGTAGGCGGTCTGCCAAGCCGGATGTGAAATCCCCGGGCTCAACCCGGGACGTGCATCCGGAACTGTCAGGCTAGAGTACGGTAGAGGTGAGTGGAATTTCCTGTGTAGCGGTGAAATGCGTAGATATAGGAAGGAACATCAGTGGCGAAGGCGGCTCACTGGACTGATACTGACGCTGAGGTGCGAAAGCGTGGGGAGCAAACAGG,12244,Bacteria,Proteobacteria,Gammaproteobacteria,Cellvibrionales,Porticoccaceae,Porticoccus,NA,NA
TACGGAGGGTGCGAGCGTTAATCGGAATTACTGGGCGTAAAGCGCGCGTAGGTGGTTGATTAAGTCAGCTGTGAAAGCCCTGGGCTTAACCTGGGAACTGCAGTTGATACTGGTCGACTAGAGTGCGAGAGAGGGAGGTAGAATTCCACGTGTAGCGGTGAAATGCGTAGATATGTGGAGGAATACCGGTGGCGAAGGCGGCCTCCTGGCTCGACACTGACGCTGAGGTGCGAAAGCGTGGGGAGCAAACAGG,12398,Bacteria,Proteobacteria,Gammaproteobacteria,Cellvibrionales,Halieaceae,Parahaliea,NA,NA
TACGGAGGGTGCAAGCGTTATCCGGATTTATTGGGTTTAAAGGGTGCGCAGGTGGCAATGTAAGTCAGTGGTGAAAGGCTGCCGCTTAACGGTAGGACTGCCATTGATACTGCATTGCTTGAGTATGGTTGAGGTAAGCGGAATGTGTGGTGTAGCGGTGAAATGCATAGATATCACACAGAACACCGATTGCGAAGGCAGCTTACTAAGCCATTACTGACGCTGAGGCACGAAAGCGTGGGTAGCGAACAGG,10828,Bacteria,Bacteroidota,Bacteroidia,Bacteroidales,Prolixibacteraceae,NA,NA,NA
GACGGAGGATGCAAGTGTTATCCGGAATCACTGGGCGTAAAGCGTCTGTAGGTGGTTAAATAAGTCAACTGTTAAATCTTGAGGCTCAACCTCGAAATCGCAGTCGAAACTATTTGACTAGAGTATAGTAGGGGTAAAGGGAATTTCCAGTGGAGCGGTGAAATGCGTAGAGATTGGAAAGAACACCGATGGCGAAGGCACTTTACTGGGCTATTACTGACACTCAGAGACGAAAGCTAGGGTAGCAAATGGG, 1867,Bacteria,Cyanobacteria,Cyanobacteriia,Chloroplast,NA,NA,NA,NA
TACGGAGGGTGCGAGCGTTAATCGGAATTACTGGGCGTAAAGCGCATGCAGGTGGTTTGTTAAGTCAGATGTGAAAGCCCGGGGCTCAACCTCGGAATTGCATTTGAAACTGGCAAACTAGAGTACTGTAGAGGGGGGTAGAATTTCAGGTGTAGCGGTGAAATGCGTAGAGATCTGAAGGAATACCGGTGGCGAAGGCGGCCCCCTGGACAGATACTGACACTCAGATGCGAAAGCGTGGGGAGCAAACAGG,12168,Bacteria,Proteobacteria,Gammaproteobacteria,Vibrionales,Vibrionaceae,Vibrio,Vibrio,NA
TACGGAGGGTGCGAGCGTTAATCGGAATTACTGGGCGTAAAGCGCACGCAGGCGGATTGTTAAGCTAGAGGTGAAAGCCCCGCGCTCAACGTGGGAATTGCCTTTAGAACTGGCAGTCTAGAGTCTTGGAGAGGGGGGTGGAATTCCAGGTGTAGCGGTGAAATGCGTAGAGATCTGGAGGAACATCAGTGGCGAAGGCGGCCCCCTGGCCAAAGACTGACGCTCATGTGCGAAAGTGTGGGTAGCGAACAGG,12025,Bacteria,Proteobacteria,Gammaproteobacteria,Alteromonadales,Alteromonadaceae,NA,NA,NA
TACGTAGGGGCCAAACGTTGTCCGGATTTATTGGGCGTAAAGGGCTCGTAGGCGGTTCAACAAGTCGATCGTGAAAGCCCGGGGCTCAACCCCGGGACGCCGGTCGAAACTGTTGTGACTAGGGTCCGGTAGAGGTGAGTGGAATTCTCGGTGTAGCGGTGGAATGCGCAGATATCGAGAGGAACACCAGTAGCGAAGGCGGCTCACTGGGCCGGTACCGACGCTGAGGAGCGAAAGCATGGGGAGCAAACAGG,14266,Bacteria,Actinobacteriota,Acidimicrobiia,Actinomarinales,NA,NA,NA,NA
GACAGAGGATGCAAGCGTTATCCGGATTAATTGGGCGTAAAGCGTCTGTAGGTGGTTTATCAAGTTTTTTGTCAAAGATCGGGGCTTAACTCCGGGCAGGCAGAGAAAACTAGTAGACTTGAGTTCGGTAGGGGCAGAGGGAATTCCCGGTGGAGCGGTGAAATGCGTAGAGATCGGGAGGAACACCAAAGGCGAAGGCACTCTGCTGGGCCGCAACTGACACTGAGAGACGAAAGCGAGGGTAGCAAATGGG, 1113,Bacteria,Cyanobacteria,Cyanobacteriia,Chloroplast,NA,NA,NA,NA
TACGGAGGGTGCGAACGTTAATCGGAATTACTGGGCGTAAAGCGCGCGTAGGCGGTTCGACAAGTGGGGTGTGAAAGCCCAGGGCTCAACCCTGGAACTGCATTCCAAACTGTCGGACTAGAGTATGGTAGAGGGAGGTAGAATTTCCTGTGTAGCGGTGAAATGCGTAGATATAGGAAGGAATACCGGTGGCGAAGGCGGCCTCCTGGACCAATACTGACGCTGAGGTGCGAAAGCGTGGGGAGCAAACAGG,11913,Bacteria,Proteobacteria,Gammaproteobacteria,KI89A clade,NA,NA,NA,NA
GACGGAGGATGCAAGTGTTATCCGGAATCACTGGGCGTAAAGCGTCTGTAGGTGGTTTAGTAAGTCAACTGTTAAATCTTGAAGCTCAACTTCAAAATCGCAGTCGAAACTATTAGACTAGAGTATAGTAGGGGTAAAGGGAATTTCCAGTGGAGCGGTGAAATGCGTAGAGATTGGAAAGAACACCGATGGCGAAGGCACTTTACTGGGCTATTACTGACACTCAGAGACGAAAGCTAGGGTAGCAAATGGG, 1963,Bacteria,Cyanobacteria,Cyanobacteriia,Chloroplast,NA,NA,NA,NA
TACGTAGGGAGCAAGCGTTATCCGGAATCACTGGGCGTAAAGCGCGAGTAGGCGGTCTATTAAGTTGGTTGTGAAATCGTGAGGCTTAACCTTGCAACTGCATCCAAAACTGGTAGACTTGAGGACGGGAGAGGCGAGCGGAATTTCTAGTGTAGCGGTGGAATGCGTAGATATTAGAAGGAACACCAGTGGCGAAGGCGGCTCGCTGGACCGGACCTGACGCTGAGGAGCGAAAGCCAGGGGAGCGAACGGG,14130,Bacteria,NA,NA,NA,NA,NA,NA,NA
TTCCAGCTCCAATAGCGTATATTAAAGTTGTTGTAGTTAAAAAGCTCGTAGTTGGATATCTGGTGGGAGCAATCGGCCTGACACTCTGTGTCAGTGCTTGTATTGTCTCCGACCATCCTTGGGGGGAACCTATCTGGCATTAGGTTGTCGGGTGGGGGATCGCCATCTTTTACTGTGAAGAAATTAGAGTGTTCAAAGCAAGCTTATGCTGTTGAATATATTAGCATGGAATAATAAGATAGGACCTTGGTACTATTTTGTTGGTTTGTGTGCCATGGTAATGATTAATAGGGACAGTTGTGGGTATTTGTATTCCAATGTCAGAGGTGAAATTCTTGGATTTTTGGAAGACAAACTACTGCGAAAGCATTTACCAAGGATGTTTTCATTAATCAAGAATGAAAGTTAGGGGATCGAAGATG,16355,Eukaryota,NA,NA,NA,NA,NA,NA,NA
TACGGAGGGTCCGAGCGTTAATCGGAATTACTGGGCGTAAAGCGCGCGTAGGCGGCTAAGTCAGTCAGATGTGAAAGCCCCGGGCTCAACCTGGGAATTGCACCTGATACTGCTTAGCTAGAGTACAGAAGAGGGTGGTGGAATTTCCTGTGTAGCGGTGAAATGCGTAGATATAGGAAGGAACATCAGTGGCGAAGGCGGCCACCTGGACTGATACTGACGCTGAGGTGCGAAAGCGTGGGGAGCAAACAGG, 8667,Bacteria,Proteobacteria,Gammaproteobacteria,Oceanospirillales,Nitrincolaceae,Neptunomonas,Neptunomonas,NA
TACGGAGGGTGCAAGCGTTAATCGGAATTACTGGGCGTAAAGCGCGCGTAGGCGGTTTGTTAAGTCAGCTGTGAAAGCCCTGGGCTCAACCTGGGAACTGCAGTTGATACTGGCCGACTAGAGTACGAGAGAGGGAGGTAGAATTCCACGTGTAGCGGTGAAATGCGTAGATATGTGGAGGAATACCGGTGGCGAAGGCGGCCTCCTGGCTCGATACTGACGCTGAGGTGCGAAAGCGTGGGGAGCAAACAGG, 9693,Bacteria,Proteobacteria,Gammaproteobacteria,Cellvibrionales,Halieaceae,NA,NA,NA
TACGGGAGTGGCAAGCGTTATCCGGAATTATTGGGCGTAAAGCGTCCGCAGGCGGTCCAGAAAGTCTGCTGTTAAAAAGTGGAGCTTAACTCCATCATGGCAGTGGAAACTTCTGGACTAGAGTGTGGTAGGGGCAGAGGGAATTCCCGGTGTAGCGGTGAAATGCGTAGATATCGGGAAGAACACCAGTGGCGAAGGCGCTCTGCTGGGCCATAACTGACGCTCATGGACGAAAGCCAGGGGAGCGAAAGGG,13161,Bacteria,Cyanobacteria,Cyanobacteriia,Synechococcales,Cyanobiaceae,Synechococcus CC9902,NA,NA
TACCAGCTCCAATAGCGTATATTATTGATGTTGCAGTTGAAACGTTCGTAGTCGAACTTTTTCTGCTAAAGTCATGTGTCTGTCATAGACAGCATGTGGTCTTATTGCAGAAAAGTGTTAATCCGTCTATATGTTTCATATAGTCGTGTATTAACACTATACTTTGAGTGAATCGGCGTGTTCCACGCAGGCTTCATGCCTTGAACGATTTACCATAGTATATCAACAGTATAGAAATGTCATTTCGTCTTCTCGATGGCATTTTTGATACTGAAAAGAACGGTCGAGGGCATTCGTATTCAACTGCCAGAGGTGAAATTCTTTGATTAGTTGAGGACGAACTATGGCGAAAGCATCTGCCAAGGACGTTTCTGTTGATCAAGAACGAAAGTTAGGTGATCGAAGATG, 4102,Bacteria,NA,NA,NA,NA,NA,NA,NA
GACAGAGGATGCAAGCGTTATCCGGAATGATTGGGCGTAAAGCGTCTGTAGGTGGCTTTTCAAGTCCGCCGTCAAATCCCAGGGCTCAACCCTGGACAGGCGGTGGAAACTACCAAGCTGGAGTACGGTAGGGGCAGAGGGAATTTCCGGTGGAGCGGTGAAATGCATTGAGATCGGAAAGAACACCAACGGCGAAAGCACTCTGCTGGGCCGACACTGACACTGAGAGACGAAAGCTAGGGGAGCAAATGGG, 1088,Bacteria,Cyanobacteria,Cyanobacteriia,Chloroplast,NA,NA,NA,NA
AACCAGCACCTCAAGTGGTCAGGATGATTATTGGGCCTAAAGCATCCGTAGCCTGCTTTGTAAGTTTTCGGTTAAATCCATACGCTCAACGTATGGGCTGCCGGGAATACTGCAAAGCTAGGGAGTGGGAGAGGTAGACGGTACTCGGTAGGAAGGGGTAAAATCCTTTGATCTATTGATGACCACCTGTGGCGAAGGCGGTCTACCAGAACACGTCCGACGGTGAGGGATGAAAGCTGGGGGAGCAAACCGG,   20,Archaea,Crenarchaeota,Nitrososphaeria,Nitrosopumilales,Nitrosopumilaceae,Candidatus Nitrosopumilus,NA,NA
TACGGAGGGTGCGAGCGTTAATCGGAATTACTGGGCGTAAAGCGCGCGTAGGCGGTTTGTTAAGTCGGATGTGAAAGCCCCGGGCTCAACCTGGGAACTGCACCCGATACTGGCCGACTAGAGTACGAGAGAGGGAGGTAGAATTCCACGTGTAGCGGTGAAATGCGTAGATATGTGGAGGAATACCGGTGGCGAAGGCGGCCTCCTGGCTCGATACTGACGCTGAGGTGCGAAAGCGTGGGGAGCAAACAGG,12324,Bacteria,Proteobacteria,Gammaproteobacteria,Cellvibrionales,Halieaceae,Haliea,Parahaliea,mediterranea
TACGGAGGGGGTTAGCGTTGTTCGGAATTACTGGGCGTAAAGCGCGCGTAGGCGGACTATTAAGTCAGGGGTGAAATCCCGGGGCTCAACCCCGGAACTGCCTTTGATACTGGTAGTCTAGAGTTCGAGAGAGGTGAGTGGAATTCCGAGTGTAGAGGTGAAATTCGTAGATATTCGGAGGAACACCAGTGGCGAAGGCGGCTCACTGGCTCGATACTGACGCTGAGGTGCGAAAGCGTGGGGAGCAAACAGG, 8365,Bacteria,Proteobacteria,Alphaproteobacteria,Rhodobacterales,Rhodobacteraceae,NA,Rhodovulum,iodosum
TACGAAGGGAACTAGCGTTGTTCGGATTTACTGGGCGTAAAGAGCATGTAGGCGGATTGGTTAGTTGGAGGTGAAATCCCGGAGCTCAACTCCGGAACTGCCTTCAATACTGCCAGTCTAGAGTCTGTAAGGGGGTGGTGGAATTCCGAGTGTAGAGGTGAAATTCGTAGATATTCGGAGGAACACCAGTGGCGAAGGCGACCACCTGGTACAGTACTGACGCTGAGATGCGAAAGCGTGGGGAGCAAACAGG, 4499,Bacteria,Proteobacteria,Alphaproteobacteria,Rhodospirillales,Terasakiellaceae,Terasakiella,NA,NA
TACGGAGGATCCAAGCGTTATCCGGAATCATTGGGTTTAAAGGGTCCGTAGGCGGTTTTTTAAGTCAGAGGTGAAATCCTGCAGCTCAACTGTAGCATTGCCTTTGATACTGAAAGACTTGAGTTATTGTGAAGTAGTTAGAATGTGTAGTGTAGCGGTGAAATGCATAGATATTACACAGAATACCGATTGCGAAAGCAGATTACTAATAATATACTGACGCTCAGGGACGAAAGCGTGGGTAGCGAACAGG, 6484,Bacteria,Bacteroidota,Bacteroidia,Flavobacteriales,Flavobacteriaceae,NS5 marine group,NA,NA
TACCTCCTCCAATAGTGTATGCTAAAATTGTTGCAGTTAAAACGCTCGTAGTCGTAGTTTCCTGTTACGTTCAACTCCTGTTCGGAGCTGTTCGCAACTTTACTGAAACATTCGTTTCATATTACCGTGAATAAAGGGGAATGCTCCAAGTAAGCTGTTGCTTTGAACCTTTAAGCATGGGATAATGAACACGGCGGTTGCCACCATCGTGAATGGGTGGTTTCTGCTTTCTAGCAGGATTGAAGAGGGACACTCGTACTCAACAGCCAGAGGTGAAATTCTTAGACTTGTTGAAGACGAACAGATGCGAAAGCGATTGTCAGATTCGAATCCAATGATCAAGAACGAAATTCAAGGGATCGAAGATG, 4190,Bacteria,NA,NA,NA,NA,NA,NA,NA
TACGGGGGGTGCAAGCGTTATTCGGAATCATTGGGCGTAAAGAGCGCGTAGGCGGCCTGTTAAGTCAGATGTGAAAGCCCGGGGCTTAACCCCGGAAGTGCATTTGAAACTAATAGGCTTGAGTATGGGAGAGGGAAGTGGAATTCCTGGTGTAGAGGTGAAATTCGTAGATATCAGGAGGAACATCGGTGGCGAAGGCGACTTCCTGGACCAATACTGACGCTGAGGCGCGAAGGCGTGGGGAGCAAACAGG,13570,Bacteria,Desulfobacterota,Desulfobacteria,Desulfobacterales,Desulfosarcinaceae,NA,NA,NA
TACGGAGGGTCCGAGCGTTATCCGGAATTATTGGGTTTAAAGGGTCCGTAGGCGGGCTATTAAGTCAGAGGTGAAAGTCTGCCGCTCAACGGTAGAACTGCCTTTGATACTGCTAGTCTTGAGTTATGGTGAAGTTGCCGGAATATGTAGTGTAGCGGTGAAATGCATAGATATTACATAGAACACCGATTGCGAAGGCAGGTGGCTAACCATATACTGACGCTGATGGACGAAAGCGTGGGGAGCGAACAGG, 8762,Bacteria,Bacteroidota,Bacteroidia,Flavobacteriales,Flavobacteriaceae,Maribacter,NA,NA
TACGGGAGGGGCAAGCGTTATTTGGCGTAACTGGGCGTAAAGGGTTCGTAGACGGTAATGTAAGTTATTTGTTAAAGCTTAAAGCTCAACTTTATTTTAACATTTAATACTGCTTTACTTTGAGTTTTATATAGAAAAGTAGAATTTTATTTGTAAGGGTGAAATCTGATGATAAATAAAGGAATGCCAGTAGGCGAAGGCGACTTTTTAGTAAAAACTGACGTTGAGGAACGAAAGTATGGGTAGCAAACAGG,13092,Bacteria,Proteobacteria,Alphaproteobacteria,Rickettsiales,Mitochondria,NA,NA,NA
TACAGAGGGTGCAAGCGTTAATCGGAATTACTGGGCGTAAAGCGCGCGTAGGCGGCTTGGTCAGTCGGATGTGAAAGCCCCGGGCTTAACCTGGGAATTGCATTCGATACTGCCAGGCTAGAATGTAGTAGAGGGAAGTGGAATTCCAGGTGTAGCGGTGAAATGCGTAGATATCTGGAGGAACATCAGTGGCGAAGGCGACTTCCTGGACTAACATTGACGCTGAGGTGCGAAAGCGTGGGGAGCAAACAGG, 2932,Bacteria,Proteobacteria,Gammaproteobacteria,B2M28,NA,NA,NA,NA
TACGAGGGGTCCAAGCGTTAATCGGAATTACTGGGCGTAAAGCGTACGCAGGCGGTTTGTTAAGCGAGATGTGAAAGCCCCGGGCTCAACCTGGGAACTGCATTTCGAACTGGCAGACTAGAGTCTTGTAGAGGGGGGTAGAATTTCAGGTGTAGCGGTGAAATGCGTAGAGATCTGAAGGAATACCGGTGGCGAAGGCGGCCCCCTGGACAAAGACTGACGCTCATGTACGAAAGCGTGGGGAGCAAACAGG, 5988,Bacteria,Proteobacteria,Gammaproteobacteria,Alteromonadales,Shewanellaceae,Shewanella,Shewanella,NA
TACAGAGGGTGCAAGCGTTAATCGGAATTACTGGGCGTAAAGCGAGCGTAGGTGGCTTGATAAGTCAGATGTGAAATCCCCGGGCTTAACCTGGGAACTGCATCTGATACTGTTAAGCTAGAGTAGGTGAGAGGGAAGTAGAATTCCAGGTGTAGCGGTGAAATGCGTAGAGATCTGGAGGAATACCGATGGCGAAGGCAGCTTCCTGGCATCATACTGACACTGAGGCTCGAAAGCGTGGGTAGCAAACAGG, 2878,Bacteria,Proteobacteria,Gammaproteobacteria,Pseudomonadales,Moraxellaceae,Psychrobacter,Psychrobacter,celer
TACGGAGGGGGCTAGCGTTATTCGGAATTATTGGGCGTAAAGGGCGCGTAGGCGGCTTGGTAGGTCAAAGGTGAAATCCCTCAGCTCAACTGAGGAACTGCCTTTGAAACCACCTCGCTCGAGGCTGGGAGGGGGTAGCGGAATTCCCGGTGTAGCGGTGAAATGCGTAGATATCGGGAGGAACACCGGTGGCGAAGGCGGCTACCTGGACCAGTTCTGACGCTGAGGCGCGAAAGTGTGGGGAGCAAACAGG, 7869,Bacteria,Acidobacteriota,Thermoanaerobaculia,Thermoanaerobaculales,Thermoanaerobaculaceae,Subgroup 10,NA,NA
TACGGAGGGATCGAACGTTAATCGGAATTACTGGGCGTAAAGCGCGCGTAGGCGGTTTGATAAGTGGGATGTGAAAGCCCCGGGCTTAACCTGGGAACTGCATTCCAAACTGTCAGACTAGAGTATGGTAGAGGGTGGTAGAATTTCCTGTGTAGCGGTGAAATGCGTAGATATAGGAAGGAATACCGATGGCGAAGGCAGCCACCTGGACCAATACTGACGCTGAGGTGCGAAAGCGTGGGGAGCAAACAGG, 7348,Bacteria,Proteobacteria,Gammaproteobacteria,KI89A clade,NA,NA,NA,NA
GACGGAGGTGGCAAACGTTGCTCGGAATCACTGGGCTTAAAGGGCGTGTAGGCGGCCGATCAAGTCGGATGTGAAATCTCTCGGCTCAACCGAGAAACTGCATTCGATACTGGTCAGCTAGAGTGCGAGAGGGGTGAGTGGAACTCCAGGTGTAGCGGTGAAATGCGTAGATATCTGGAGGAACGCCGGTGGCGAAAGCGACTCACTGGCTCGCAACTGACGCTGAGGCGCGAAAGCTAGGGGAGCGAACGGG, 2289,Bacteria,Planctomycetota,vadinHA49,NA,NA,NA,NA,NA
TACGTAGGGACCAAGCGTTGTCCGGAATTATTGGGCGTAAAGAGCTCGTAGGCGGTTCGGTAAGTCGGGTGTGAAAATCCAGGGCTCAACCCTGGGACGCCACCCGATACTGCTGTGACTAGAGTCCGGTAGAGGAGCGTGGAATTCCTGGTGTAGCGGTGAAATGCGCAGATATCAGGAGGAACACCAGCGGCGAAGGCGGCGCTCTGGGCCGGTACTGACGCTGAGGAGCGAAAGCGTGGGGAGCAAACAGG,14107,Bacteria,Actinobacteriota,Acidimicrobiia,Microtrichales,Microtrichaceae,Sva0996 marine group,NA,NA
TACGGGAGGGGCAAGCGTTATCCAAAATGACTGGGCGTAAAGCGTTCGTAGACTGTAATGTAAGTTATTTGTTAAAGCCTAAAGCCTAACTTTAGAAAAGCATTTAATACTATTTTACTTTCGAGTTTTATACAGAAGAGTTGAATTTCATGTAAAGGATTAATAACCGAAGAGATATGAAGGAATCCCTGATGCGAAGGCGACTCTTTAGTAAAAACTGACGTTGAGGGACGAAAGTATAGGGAGCAAACAGG,13035,Bacteria,Proteobacteria,Alphaproteobacteria,Rickettsiales,Mitochondria,NA,NA,NA
CACGGGGGGTGCAAGCGTTATTCGGAATCACTGGGCGTAAAGAGCGCGTAGGCGGTCTCTTAAGTCAGATGTGAAAGCCCGGGGCTCAACCCCGGAAGTGCATTTGAAACGAAGGGACTTGAGTATGGGAGAGGGAAGTGGAATTCCTGGTGTAGCGGTGAAATGCGTAGATATCAGGAGGAACACCGGTGGCGATGGCGACTTCCTGGACCAATACTGACGCTGAGGCGCGAAGGCGTGGGGAGCAAACAGG,  750,Bacteria,Desulfobacterota,Desulfobacteria,Desulfobacterales,Desulfosarcinaceae,Sva0081 sediment group,NA,NA
TACGGAGGGTCCAAGCGTTATCCGGATTTATTGGGTTTAAAGGGTGCGCAGGCGGACCTATTAGTCAGTGGTGAAATCCCGGGGCTCAACTCCGGAACTGCCATTGATACTGTAGGTCTTGAGTTTGGTTGAAGTGGGCGGAATGTAGCATGTAGCGGTGAAATGCATAGATATGCTACAGAACACCGATCGCGAAGGCAGCTCACTAAACCAATACTGACGCTCAGGCACGAAAGCGTGGGTAGCGAACAGG, 8614,Bacteria,Bacteroidota,Bacteroidia,Bacteroidetes VC2.1 Bac22,NA,NA,NA,NA
TACGAAGGGGGCTAGCGTTGTTCGGAATCACTGGGCGTAAAGCGCACGTAGGCGGATTGATAAGTTAGGGGTGAAATCCCAGGGCTCAACCCTGGAACTGCCTTTGATACTGTCAGTCTTGAGTCCGAGAGAGGTGAGTGGAACTCCGAGTGTAGAGGTGAAATTCGTAGATATTCGGAAGAACACCAGTGGCGAAGGCGGCTCACTGGCTCGGTACTGACGCTGAGGTGCGAAAGCGTGGGGAGCAAACAGG, 4851,Bacteria,Proteobacteria,Alphaproteobacteria,Rhizobiales,Stappiaceae,Labrenzia,Labrenzia,marina
TACGTAGGGTGCGAGCGTTGTCCGGAATTACTGGGCGTAAAGGGCTCGTAGGTGGTTTGTCGCGTCGTCTGTGAAATTCCGGGGCTTAACTCCGGGCGTGCAGGCGATACGGGCATAACTTGAGTACTGTAGGGGTAACTGGAATTCCTGGTGTAGCGGTGAAATGCGCAGATATCAGGAGGAACACCGATGGCGAAGGCAGGTTACTGGGCAGTTACTGACGCTGAGGAGCGAAAGCATGGGTAGCGAACAGG,15386,Bacteria,Actinobacteriota,Actinobacteria,Corynebacteriales,Corynebacteriaceae,Corynebacterium,Corynebacterium,NA
TACGGAGGGTGCAAACGTTGTTCGGAATTACTGGGCGTAAAGCGCGCGTAGGCGGTTTGTTAAGTCAGATGTGAAAGCCCATGGCTCAACCATGGACGTGCATTTGAAACTGGCAGACTTGAGTACTGGAGGGGGTGATGGAATTCCCGGTGTAGAGGTGAAATTCGTAGATATCGGGAGGAATACCGGTGGCGAAGGCGATCACCTGGCCAGATACTGACGCTGAGGTGCGAAAGCGTGGGGAGCAAACAGG, 8914,Bacteria,Desulfobacterota,Desulfobulbia,Desulfobulbales,Desulfocapsaceae,Desulfocapsa,Desulfocapsa,sulfexigens
TACGGAGGGTGCAAGCGTTAATCGGAATTACTGGGCGTAAAGCGCGCGTAGGCGGAATATTAAGTCTCATGTGAAAGCCCTGGGCTCAACCTGGGAACTGCATGGGATACTGGTATTCTAGAATACAGTAGAGGGTAGTGGAATTTCAGGTGTAGCGGTGAAATGCGTAGAGATCTGAAGGAACATCAGTGGCGAAGGCGACTACCTGGACTGATATTGACGCTGAGGTGCGAAAGCGTGGGGAGCAAACAGG, 9350,Bacteria,Proteobacteria,Gammaproteobacteria,Oceanospirillales,Kangiellaceae,Aliikangiella,NA,NA
TACGGAGGGTGCAAGCGTTAATCGGAATTACTGGGCGTAAAGCGCGCGTAGGCGGATGATTAAGTCTCATGTGAAAGCCCTGGGCTCAACCTGGGAACTGCATGGGATACTGGTCATCTAGAATACAGTAGAGGGTAGTGGAATTTCAGGTGTAGCGGTGAAATGCGTAGAGATCTGAAGGAACATCAGTGGCGAAGGCGACTACCTGGACTGATATTGACGCTGAGGTGCGAAAGCGTGGGGAGCAAACAGG, 9374,Bacteria,Proteobacteria,Gammaproteobacteria,Oceanospirillales,Kangiellaceae,Aliikangiella,NA,NA
TACGGAGGGTGCGAGCGTTAATCGGAATTACTGGGCGTAAAGCGCGCGTAGGCGGTTTGTTAAGTCGGATGTGAAATCCCCGGGCTCAACCTGGGAATTGCATTCGATACTGGCCGACTAGAGTACGAGAGAGGGAGGTAGAATTCCACGTGTAGCGGTGAAATGCGTAGATATGTGGAGGAATACCGGTGGCGAAGGCGGCCTCCTGGCTCGATACTGACGCTGAGGTGCGAAAGCGTGGGTAGCAAACAGG,12344,Bacteria,Proteobacteria,Gammaproteobacteria,Cellvibrionales,Halieaceae,Halioglobus,NA,NA
GACGGAGGATGCAAGTGTTATCCGGAATCACTGGGCGTAAAGCGTCTGTAGGTGGTTTAATAAGTCAACTGTTAAATCTTGAGGCCCAACCTCAAAATCGCAGTCGAAACTATTAGACTAGAGTATAGTAGGGGTAAAGGGAATTTCCAGTGGAGCGGTGAAATGCGTAGAGATTGGAAAGAACACCGATGGCGAAGGCACTTTACTGGGCTATTACTAACACTCAGAGACGAAAGCTAGGGTAGCAAATGGG, 1890,Bacteria,Cyanobacteria,Cyanobacteriia,Chloroplast,NA,NA,NA,NA
TACGGAGGGTGCAAGCGTTAATCGGAATTACTGGGCGTAAAGGGTGCGTAGGTGGCCCGATCAGTCAGATGTGAAAGCCCCGGGCTTAACCTGGGAACTGCATTTGATACTGTCGAGCTAGAGTATGGTAGAGGGAAGTGGAATTCCGGGTGTAGCGGTGAAATGCGTAGATATCCGGAGGAACACCAGTGGCGAAGGCGACTTCCTGGACCAATACTGACACTGAGGCACGAAAGCGTGGGTAGCAAACAGG,10033,Bacteria,Proteobacteria,Gammaproteobacteria,Chromatiales,Sedimenticolaceae,Sedimenticola,NA,NA
TACGGAGGGTGCAAGCGTTATCCGGAATCATTGGGTTTAAAGGGTCCGTAGGCGGATTAATAAGTCAGAGGTGAAATCCCACAGCTTAACTGTGGAACTGCCTTTGATACTGTTAGTCTTGAGTTATGTGGAAGTAGATAGAATGTGTAGTGTAGCGGTGAAATGCTTAGAGATTACACAGAATACCGATTGCGAAGGCAGTCTACTACGCATATACTGACGCTAATGGACGAAAGCGTGGGGAGCGAACAGG,10503,Bacteria,Bacteroidota,Bacteroidia,Flavobacteriales,Flavobacteriaceae,Lutibacter,NA,NA
TACGGAGGATCCGAGCGTTATCCGGATTTATTGGGTTTAAAGGGTGCGTAGGCGGCACTTTAAGTCAGGGGTGAAAGACGGCAGCTCAACTGTCGCAGTGCCCTTGATACTGAAGTGCTTGAATGCGGTTGAAGACGGCGGAATGAGACAAGTAGCGGTGAAATGCATAGATATGTCTCAGAACACCGATTGCGAAGGCAGCTGTCTAAGCCGTTATTGACGCTGATGCACGAAAGCGTGGGGATCGAACAGG, 6677,Bacteria,Bacteroidota,Bacteroidia,Sphingobacteriales,Sphingobacteriaceae,Sphingobacterium,Sphingobacterium,NA
TACGGAGGGTCCAAGCGTTATCCGGAATCATTGGGTTTAAAGGGTCCGCAGGCGGATTTGTAAGTCAGTGGTGAAATCCTACAGCTTAACTGTAGAACTGCCATTGATACTGCAAGTCTTGAATTCGGTCGAAGTGGGCGGAATATGTCATGTAGCGGTGAAATGCTTAGATATGACATAGAACACCGATAGCGAAGGCAGCTCACTAGGCCTGGATTGACGCTCAGGGACGAAAGCGTGGGGAGCGAACAGG, 8544,Bacteria,Bacteroidota,Bacteroidia,Flavobacteriales,Crocinitomicaceae,Fluviicola,NA,NA
TACGGAGGGGGCGAGCGTTATTCGGAATTACTGGGCGTAAAGGGCGTGTAGGCGGCATGGCAAGTCAAAGGTGAAAGCCCTCGGCTCAACCGAGGAACTGCCTTTGAAACTGCCAAGCTAGAGACTGGGAGGGGGTGGCGGAATTCCTGGTGTAGCGGTGAAATGCGTAGATATCAGGAGGAACACCGGTGGCGAAGGCGGCCACCTGGACCAGTTCTGACGCTGAGGCGCGAAAGCGTGGGGAGCAAACAGG, 7737,Bacteria,Acidobacteriota,Thermoanaerobaculia,Thermoanaerobaculales,Thermoanaerobaculaceae,Subgroup 10,NA,NA
TACGGAGGGAGCGAGCGTTAATCGGAATTACTGGGCGTAAAGCGCGCGTAGGCGGCTTTGTAAGTCGGATGTGAAAGCCCTGGGCTCAACCTGGGAATGGCATTCGATACTGCATGGCTAGAGTATGGTAGAGGGAAGTGGAATTTCCGGTGTAGCGGTGAAATGCGTAGATATCGGAAGGAACACCGGTGGCGAAGGCGACTTCCTGGGCCAATACTGACGCTGAGGCGCGAAAGCGTGGGTAGCAAACAGG, 7122,Bacteria,Proteobacteria,Gammaproteobacteria,Steroidobacterales,Woeseiaceae,Woeseia,NA,NA
TACGGAGGGTGCAAGCGTTAATCGGAATCACTGGGCGTAAAGCGCACGCAGGCGGTTTGTTAAGTCAGATGTGAAAGCCCCGGGCTCAACCTGGGAACTGCATTTGATACTGACAGACTAGAGTATGAGAGAGAGAAGTGGAATTCCACATGTAGCGGTGAAATGCGTAGAGATGTGGAGGAACATCAGTGGCGAAGGCGACTTCTTGGCTCAATACTGACGCTCAGGTGCGAAAGCGTGGGGAGCAAACAGG, 9099,Bacteria,Proteobacteria,Gammaproteobacteria,UBA10353 marine group,NA,NA,NA,NA
ACGTGCCAGCCGCGGTAATACGTATGTCGCAAGCGTTATCCGGAATTATTGGGCGTAAAGCGAGTCTAGGCGGTTTGTTAAGTCAGATGTGAAAATGCGGGGCTCAACTCCGTATGGCCTTTGATACTGGCAAACTAGAGTACTGGAGAGGTGGGCGGAACTACAAGTGTAGAGGTGAAATTCGTAGATATTTGTAGGAATGCCGATAGTGAAGACAGCTCACTGGACAGATACTGACGCTAAAGCTCGAAAGCGTGGGGAGCAAACAGG,  373,Bacteria,Fusobacteriota,Fusobacteriia,Fusobacteriales,Fusobacteriaceae,Psychrilyobacter,NA,NA
TACGTAGGGGGCAAGCGCTACTCGGATTTACTGGGCGTAAAGCGAGCGTAGGCGGTCTGATAAGTCAGGGGTGAAATCCCTCAGCTCAACTGAGGAACTGCCTTTGATACTGTCGGACTAGAGGACAGGAGAGGAAAGTGGAATTTCCGGTGTAGCGGTGGAATGCGTAGATATCGGAAGGAACACCAGAGGCGAAGGCGACTTTCTGGACTGATCCTGACGCTGAGGTTCGAAAGCTAGGGGAGCAAACAGG,14293,Bacteria,NA,NA,NA,NA,NA,NA,NA
TACAGAGGGTGCGAGCGTTAATCGGAATTACTGGGCGTAAAGCGCGCGTAGGTGGTTTGTTAAGTCGGATGTGAAAGCCCAGGGCTCAACCTTGGAATTGCACCCGATACTGGCAGGCTAGAGTACGATAGAGGAGTGTGGAATTTCCTGTGTAGCGGTGAAATGCGTAGATATAGGAAGGAACATCAGTGGCGAAGGCGACACTCTGGATTGATACTGACACTGAGGTGCGAAAGCGTGGGGAGCAAACAGG, 3354,Bacteria,Proteobacteria,Gammaproteobacteria,Oceanospirillales,Marinomonadaceae,Marinomonas,NA,NA
TACGAAGGGGGCTAGCGTTGTTCGGAATTACTGGGCGTAAAGAGCATGTAGGCGGAAATGACAGTTAGGGGTGAAATCCCGGGGCTTAACCTCGGAACTGCCCTTAATACTTCATTTCTAGAGTTTGTTAGGGGGTGGCGGAATATCTAGTGTAGAGGTGAAATTCGTAGATATTAGATGGAACACCAGTGGCGAAGGCGGCCACCTGGGACATAACTGACGCTGAGATGCGAAAGCGTGGGGAGAGAACGGG, 4887,Bacteria,Proteobacteria,Alphaproteobacteria,NA,NA,NA,NA,NA
TACGGAGGGGGTTAGCGTTGTTCGGAATTACTGGGCGTAAAGCGCACGTAGGCGGATCAGAAAGTTGGGGGTGAAATCCCAGGGCTCAACCCTGGAACTGCCCTCAAAACTCCTGGTCTTGAGTTCGAGAGAGGTGAGTGGAATTCCAAGTGTAGAGGTGAAATTCGTAGATATTTGGAGGAACACCAGTGGCGAAGGCGGCTCACTGGCTCGATACTGACGCTGAGGTGCGAAAGTGTGGGGAGCAAACAGG, 8287,Bacteria,Proteobacteria,Alphaproteobacteria,Rhodobacterales,Rhodobacteraceae,Roseobacter,NA,NA
GACGGAGGGGGCAAGCGTTGTTCGGAATTACTGGGCGTAAAGCGCGCGTAGGCGGTGTACCAAGTGTATCGTGAAAGCCCCCGGCTCAACCGGGGAATGGCGGTGCAAACTGGTAGACTTGAGTTCCGGAGGGGGATGCGGAATTCCTGGTGGAGCGGTGAAATGCGTAGAGATCAGGAAGAACGTCGGTGGCGAAGGCGGCATCCTGGACGGAAACTGACGCTGAGGTGCGAGAGCGTGGGGAGCGAACGGG, 2088,Bacteria,Modulibacteria,Moduliflexia,Moduliflexales,Moduliflexaceae,NA,NA,NA
TACGTAGGGGCCAAGCGTTGTCCGGATTTATTGGGCGTAAAGGGCTCGTAGGCGGTTTGACAAGTCGGTCGTGAAAACCCGGGGCTCAACCCCGGGACGCCGGTCGAAACTGTCATGACTAGGGTCCGGTAGAGGTGAGTGGAATTCTCAGTGTAGCGGTGAAATGCGCAGATATTGAGAGGAACACCAGTAGCGAAGGCGGCTCACTGGGCCGGTACCGACGCTGAGGAGCGAAAGCGTGGGGAGCAAACAGG,14278,Bacteria,Actinobacteriota,Acidimicrobiia,Actinomarinales,NA,NA,NA,NA
TACGTAGGGGGCTAGCGTTGTCCGGAATTACTGGGCGTAAAGGGTGAGTAGGTGGTCATTAAAGTCAGATGTAAAAGGCAATGGCTCAACCATTGTAAGCATTTGAAACTTAATGACTTGAGTGCAGGAGAGGTAAATGGAATTCCTAGTGTAGCGGTGAAATGCGTAGATATTAGGAAGAACACCAGTGGCGAAGGCGATTTACTGGACTGTAACTGACACTGAGTCACGAAAGCGTGGGGAGCGAACAGG,14745,Bacteria,Firmicutes,Clostridia,Peptostreptococcales-Tissierellales,Dethiosulfatibacteraceae,Dethiosulfatibacter,NA,NA
TACGGAGGGTGCGAGCGTTAATCGGAATTACTGGGCGTAAAGCGCGCGTAGGCGGTTTGTTAAGTCGGATGTGAAATCCCCGGGCTCAACCTGGGCACTGCATTCGATACTGGCAGGCTAGAGTACAGTAGAGGGTGGTGGAATTTCCTGTGTAGCGGTGAAATGCGTAGATATGGGAAGGAACATCAGTGGCGAAGGCGGCCACCTGGACTGATACTGACGCTGAGGTGCGAAAGCGTGGGGAGCAAACAGG,12347,Bacteria,Proteobacteria,Gammaproteobacteria,Cellvibrionales,Porticoccaceae,Porticoccus,NA,NA
TACGGAGGGTGCAAGCGTTGTTCGGAATTACTGGGCGTAAAGCGCGCGTAGGCGGCTTTTTAAGTCAGATGTGAAAGTCCACGGCTCAACCGTGGAAGTGCATTTGATACTGGGAAGCTTGAGTACTGGAGGGGATGGTGGAATTCCCGGTGTAGAGGTGAAATTCGTAGATATCGGGAGGAATACCGGTGGCGAAGGCGACCATCTGGCCAGATACTGACGCTGAGGTGCGAAAGCGTGGGGAGCAAACAGG,11491,Bacteria,Desulfobacterota,Desulfobulbia,Desulfobulbales,Desulfocapsaceae,Desulfotalea,NA,NA
TACGGGAGGGGCAAGCGTTATCCGAAATTACTGGGCGTAAAGAGTCCGTAGATTGTAATATAAGTTATATGTTAAAATTTAAAGCTTAACTTTAAAAAAATATACAATACTGTTTTACTTGAGTTTTATATGGAAGAGTAGAATTTCATGTTAAGGAGTAAATTCCAAGAATACATGAAGGAATATCATTAGCGAAGGCGACTCTTTAGTACAAACTGACATTGAGGGACGAAAGTGTAGGGAGCAAACAGG,13057,Bacteria,Proteobacteria,Alphaproteobacteria,Rickettsiales,Mitochondria,NA,NA,NA
TACGGAGGGTGCAAGCGTTATCCGGAATCATTGGGTTTAAAGGGTCCGCAGGCGGAACTATAAGTCAGTGGTGAAATCCCGTAGCTTAACTACGGAACTGCCATTGATACTGTAGTTCTTGAATTCGGTCGAAGTGGGCGGAATGTGTCATGTAGCGGTGAAATGCATAGATATGACACAGAACACCGATAGCGAAGGCAGCTCACTAGGCCTGGATTGACGCTCAGGGACGAAAGCGTGGGGAGCGAACAGG,10416,Bacteria,Bacteroidota,Bacteroidia,Flavobacteriales,Crocinitomicaceae,Fluviicola,NA,NA
TACGGAGGGATCGAACGTTAATCGGAATTACTGGGCGTAAAGCGCGCGTAGGTGGTTTGTTAAGTGGGATGTGAAAGCCCCGGGCTTAACCTGGGAACTGCATTCCAAACTGACAAACTAGAGTACGATAGAGGGGGGTAGAATTCAGAGTGTAGCGGTGAAATGCGTAGATATTCTGAGGAATACCGGTGGCGAAGGCGGCCCCCTGGATTGATACTGACACTGAGGTGCGAAAGCGTGGGGAGCAAACAGG, 7354,Bacteria,Proteobacteria,Gammaproteobacteria,OM182 clade,NA,NA,NA,NA
TACGGAGGGTGCGAGCGTTAATCGGAATTACTGGGCGTAAAGCGCGCGTAGGCTGTTTTGTCAGTCGGATGTGAAATCCCTGGGCTTAACCTGGGAACTGCATTCGATACTGCATAACTAGAGTATGGTAGAGGGAAGTGGAATTTCCGGTGTAGCGGTGAAATGCGTAGATATCGGAAGGAACACCAGTGGCGAAGGCGACTTCCTGGGCCAATACTGACGCTGAGGTGCGAAAGCGTGGGGAGCAAACAGG,12359,Bacteria,Proteobacteria,Gammaproteobacteria,Steroidobacterales,Woeseiaceae,Woeseia,NA,NA
TACGGAGGGTGCGAGCGTTAATCGGAATTACTGGGCGTAAAGCGCATGCAGGTGGATGATTAAGTCAGATGTGAAAGCCCGGGGCTCAACCTCGGAATAGCATTTGAAACTGGTTATCTAGAGTACTGTAGAGGGGGGTAGAATTTCAGGTGTAGCGGTGAAATGCGTAGAGATCTGAAGGAATACCGGTGGCGAAGGCGGCCCCCTGGACAGATACTGACACTCAGATGCGAAAGCGTGGGGAGCAAACAGG,12105,Bacteria,Proteobacteria,Gammaproteobacteria,Vibrionales,Vibrionaceae,Vibrio,Vibrio,caribbeanicus
CCAGTGCCAGCCGCGGTAATACGTATGTCGCAAGCGTTATCCGGAATTATTGGGCGTAAAGCGAGTCTAGGCGGTTTGTTAAGTCAGATGTGAAAATGCGGGGCTCAACTCCGTATGGCCTTTGATACTGGCAAACTAGAGTACTGGAGAGGTGGGCGGAACTACAAGTGTAGAGGTGAAATTCGTAGATATTTGTAGGAATGCCGATAGTGAAGACAGCTCACTGGACAGATACTGACGCTAAAGCTCGAAAGCGTGGGGAGCAAACAGG, 1055,Bacteria,Fusobacteriota,Fusobacteriia,Fusobacteriales,Fusobacteriaceae,Psychrilyobacter,NA,NA
