baseMean,log2FoldChange,lfcSE,stat,pvalue,padj
TACATAGGGTGCAAGCGTTATCCGGAATTATTGGGCGTAAAGCGTTCGTAGGCGGTTTATTAAGTCTGAAGTTAAAGCTCGGTGCTCAACACCGACCCGCTTTGGATACTGATAGACTAGAGTTATATAGAGGTTAGCGGAACTCCATGTGAAGCGGTGGAATGCGTAGATATATGGAAGAACACCAATGGCGAAGGCAGCTAACTGGATATACACTGACGCTGAGGAACGAAAGCGTGGGGAGCAAACAGG,200789.364623423,-1.90005246931061,0.576593149470862,-3.2953087823785,0.000983135865656177,0.00539029664273559
TTCCAGCTCCAATAGCGTATATTAAAGTTGCTGCAGTTAAAAAGCTCGTAGCTGGATCTCGGGTCCAGGCTGGCGGTCCACCTCGTTGTGGTTACTGCCTGTTCTGACCCAACCTCTCGGTTGTAAACCCTTGGTGCTCTTGATTGAGTTGCTTCGGGTGGCCGAAACTTTTACTTTGAAAAAATTAGAGTGTTCAAAGCAGGCGATTCGCCTGCACAATGGTGCATGGAATAATGGAATAGGACCTCGGTTCTATTTTGTTGGTTTTCGGAACACGAGGTAATGATTAAGAGGGACTGACGGGGGCATTCGTATGGCGGGGTTAGAGGTGAAATTCTTGGATCCTCGCCAGACGGCCTACAGCGAAAGCATTTGCCAAGCATGTTTTCATTAGTCAAGAACGAAAGTCAGAGGTTCGAAGACG,40452.946181977,-2.33045065859241,0.432449118228436,-5.38895921013621,7.08668863462217e-08,4.0531780320321e-07
GACGGAGGATGCAAGTGTTATCCGGAATCACTGGGCGTAAAGCGTCTGTAGGTGGTTTAATAAGTCAACTGTTAAATCTTGAGGCTCAACTTCAAAATCGCAGTCGAAACTATTAGACTAGAGTATAGTAGAGGTAAAGGGAATTTCCAGTGGAGCGGTGAAATGCGTAGATATTGGAAAGAACACCGATGGCGAAAGCACTTTACTGGGCTATTACTAACACTCAGAGACGAAAGCTAGGGTAGCAAATGGG,15132.0107902626,-3.47415482928769,0.948273292191329,-3.66366411233559,0.000248632787365075,0.00138225920248416
TACGGAGGGTGCGAGCGTTAATCGGAATTACTGGGCGTAAAGCGCATGCAGGTGGTTTGTTAAGTCAGATGTGAAAGCCCGGGGCTCAACCTCGGAATTGCATTTGAAACTGGCAGACTAGAGTACTGTAGAGGGGGGTAGAATTTCAGGTGTAGCGGTGAAATGCGTAGAGATCTGAAGGAATACCGGTGGCGAAGGCGGCCCCCTGGACAGATACTGACACTCAGATGCGAAAGCGTGGGGAGCAAACAGG,13741.7233262647,-3.74187636352239,1.03299080228621,-3.62237142406387,0.000291914566862667,0.00161161167122097
TACATAGGGTGCAAGCGTTATCCGGAATTATTGGGCGTAAAGCGTTCGTAGGCGGTTTATTAAGTCTTAAGTTAAAGCCCGGGGCTCAACCCCGGCACGCTTAGGATACTGATAGACTAGAGTTATAGAGAGATTAGCGGAACTCCATGTGAAGCGGTGGAATGCGTAGATATATGGAAGAACACCAATGGCGAAGGCAGCTAATTGGCTATACACTGACGCTGAGGAACGAAAGCGTGGGGAGCAAACAGG,174.58402907858,26.2036632353029,3.3001808165966,7.94006895122981,2.02068892030664e-15,3.49227759052995e-14
TACATAGGGTGCAAGCGTTATCCGGAATTATTGGGCGTAAAGCGTTCGTAGGCGGTTTATTAAGTCTGAAGTTAAAGCCTGGGGCTCAACCCCAGTCCGCTTTGGATACTGGTAGACTAGAGTTATAGAGAGGTTAGTGGAACTCCATGTGAAGCGGTGGAATGCGTAGATATATGGAAGAACACCAATGGCGAAGGCAACTAACTGGCTATATACTGACGCTGAGGAACGAAAGCGTGGGGAGCAAACAGG,15.227452274862,22.5930543370105,3.30041893309085,6.84551106845458,7.62033268837114e-12,5.31417937478514e-11
TACGTAAGGAGCGAGCGTTGTTCGGAATTATTGGGCGTAAAGTGCGTGCAGGCGGTTTGCCAAGTCTGATGTGAAAGCATACAGCTCAACTGTATTGTTGCGTTGGAAACTGGTGAACTAGAATTCGAGAGAGGAAATTGGAATTCCTGGTGTAGGGGTGAAATCTGTTGATATCAGGAAGAACACCTGAGGCGAAAGCGAATTTCTGGCTCTGAATTGACGCTGAAGCGCGAAAGCGTAGGGAGCAAACAGG,1.86492824605388,-24.3443214819745,3.2932005939907,-7.3922984000419,1.44312206770723e-13,1.66753972565672e-12
TTCCAGCTCCAATAGCGTATACTAATATTGTTGCAGTTAAAAAGCTCGTAGTTGAAACTATGGAGGTTTACCTCTTTCGTTTTCAGAAACGAATTTTACTATGATTAAATTAGAGCGTTTCAGGCAGGCTTTTCGCTTGAATACATTAGCATGGAATAATAAAATATGATTTGATATATTAAGGTGTATATTAGATAATGATTAATAGGAGCAGTTGGGGGCATTCGTATTTAATAGTCAGAGGTTAAATTCTTGGATTTATTAAAGACGAACTAAAGCGAAAGCATTTGTCAAGGATGTTTTCATTAATCAAGAACGAAAGTTAGGGGATCAAAGATG,12.620003374308,23.3038875912906,3.30047262842812,7.06077286948727,1.65579051633766e-12,1.46191168727765e-11
TACATAGGGTGCAAGCGTTATCCGGAATTATTGGGCGTAAAGCGTTCGTAGGTGGTTAAGTAAGTCTGAAGTTAAAGCCCGGGGCTCAACCCCGGCCCGCTTTGGAAACTACTTAACTAGAATTATGAAGAGGTTAGCGGAACTCCATGTGAAGCGGTGGAATGCGTAGATATATGGAAGAACACCAATGGCGAAGGCAGCTAACTGGGAATAAATTGACACTGAGGGACGAAAGCGTGGGGAGCAAACAGG,14.40384020189,-28.9995419025286,3.28924451396983,-8.81647496237023,1.18119599745741e-18,5.52382834105085e-17
TACGGAGGGTGCAAGCGTTACTCGGAATCACTGGGCGTAAAGAGCGTGTAGGCGGATAAGTAAGTCAGAAGTGAAATCCAATAGCTTAACTATTGAACTGCTTTTGAAACTACTTATCTAGAATATGGGAGAGGTAGATGGAATTTCTGGTGTAGGGGTAAAATCCGTAGAGATCAGAAGGAATACCGATTGCGAAGGCGATCTACTGGAACATTATTGACGCTGAGACGCGAAAGCGTGGGGAGCAAACAGG,21.69014903945,24.0499009094398,3.30034126961727,7.28709516523084,3.16709205245466e-13,3.40248402932629e-12
TACGAAGGGGGCTAGCGTTGTTCGGAATTACTGGGCGTAAAGCGCACGTAGGCGGATCGTTAAGTGAGGGGTGAAATCCCAGGGCTCAACCCTGGAACTGCCTTTCATACTGGCGATCTTGAGTTCGAGAGAGGTGAGTGGAATTCCGAGTGTAGAGGTGAAATTCGTAGATATTCGGAGGAACACCAGTGGCGAAGGCGGCTCACTGGCTCGATACTGACGCTGAGGTGCGAAAGCGTGGGGAGCAAACAGG,8.42657604940164,-28.2775487861465,3.28973245974974,-8.59569862659824,8.27597396963741e-18,2.99063604811897e-16
TACGTATGTCGCAAGCGTTATCCGGAATTATTGGGCGTAAAGCGAGTCTAGGCGGCTTGTTAAGTCAGATGTGAAAATGCGGGGCTCAACTCCGTATTGCGTTTGAGACTGGCAGGCTAGAGTACTGGAGAGGTGGGCGGAACTACAAGTGTAGAGGTGAAATTCGTAGATATTTGTAGGAATGCCGATAGTGAAGACAGCTCACTGGACAGATACTGACGCTAAAGCTCGAAAGCGTGGGGAGCGAACAGG,51.0328287645244,24.6867690510587,3.30023596995625,7.48030421939374,7.41507579655118e-14,9.18457334176643e-13
TACGTAGGGGGCGAACGTTGTTCGGAATCACTGGGCGTAAAGGGTGCGCAGGCTGCTCATCAAGTCAGTTGTGAAATTTCGTGGCTCAACCACGAAGCTGCTGCTGATACTGTTGGGCTAGAGTCATAGATAGAGGTAGCAGGAATTCCTGGTGTAGGAGTGAAATCTGTAGATATCAGGAGGAACACCAAGGGTGAAGACAAGCTACTGGGTAATGACTGACGCTGAGGCACGAAAGCTAGGGGAGCAAATGGG,58.0693005814668,24.6812157904713,3.30022652473097,7.47864293723997,7.50939958760778e-14,9.18457334176643e-13
TACATAGGGTGCAAGCGTTATCCGGAATTATTGGGCGTAAAGCGTTCGTAGGCGGTTTATTAAGTCTTAAGTCAAAGCCCGGGGCTCAACCCCGGCCCGCTTAGGATACTGATAGACTAGAGTTATAGAGAGATTAGCGGAACTCCATGTGAAGCGGTGGAATGCGTAGATATATGGAAGAACACCAATGGCGAAGGCAGCTAATTGGCTATACACTGACGCTGAGGAACGAAAGCGTGGGGAGCAAACAGG,22.0796455488429,23.3630592305983,3.3003380723092,7.07898970309169,1.45209173302351e-12,1.32097484320343e-11
TACGGAGGGTGCAAGCGTTGTTCGGAATTACTGGGCGTAAAGGGCGCGCAGGCGGCATGTCAAGTCAGATGTGAAAGCCCACGGCTTAACCGTGGAAGTGCATTTGAAACTGTCATGCTTGAGTATCAGAGGGGAAAGTGGAATTCCTGGTGTAGAGGTGAAATTCGTAGATATCAGGAGGAATACCGGTGGCGAAGGCGACTTTCTGGCTGAATACTGACGCTGAGGCGCGAAAGCGTGGGGAGCAAACAGG,14.482547615888,23.4928512767368,3.30043226232323,7.11811344984241,1.09414296756713e-12,1.03552816573317e-11
TACGGAGGGTGCGAGCGTTAATCGGAATTACTGGGCGTAAAGCGCGCGTAGGTGGCTTGATAAGCCGGTTGTGAAAGCCCCGGGCTCAACCTGGGAACGGCATCCGGAACTGTCAAGCTAGAGTGCAGGAGAGGAAGGTAGAATTCCCGGTGTAGCGGTGAAATGCGTAGAGATCGGGAGGAATACCAGTGGCGAAGGCGGCCTTCTGGACTGACACTGACACTGAGGTGCGAAAGCGTGGGTAGCAAACAGG,2.88082775910909,-29.9600118655271,3.29182522259635,-9.10133735529763,8.92262662467826e-20,6.44862560601747e-18
TACGGAGGGTGCAAGCGTTAATCGGAATTACTGGGCGTAAAGCGCATGCAGGTGGTTTGTTAAGTCAGATGTGAAAGCCCTGGGCTCAACCTAGGAATCGCATTTGAAACTGACAAGCTAGAGTACTGTAGAGGGGGGTAGAATTTCAGGTGTAGCGGTGAAATGCGTAGAGATCTGAAGGAATACCGGTGGCGAAGGCGGCCCCCTGGACAGATACTGACACTCAGATGCGAAAGCGTGGGGAGCAAACAGG,8.77696787302121,23.222993501422,3.30060997718608,7.03597021821424,1.97879203274638e-12,1.67355283620572e-11
TACGGGGGGTGCAAGCGTTATTCGGAATCATTGGGCGTAAAGAGCGCGTAGGCGGTCTTCTATGTCAGGTGTGAAAGCCCGGGGCTCAACCCCGGAAGTGCATTTGAAACTGGGAGACTTGAGTATGGGAGAGGGAAGTGGAATTCCTGGTGTAGCGGTGAAATGCGTAGATATCAGGAGGAACACCGGTGGCGAAGGCGACTTCCTGGACCAATACTGACGCTGAGGCGCGAAGGCGTGGGGAGCAAACAGG,10.8679411421577,22.7528801935773,3.30052316407771,6.89371928705593,5.43522286998424e-12,3.85803766217631e-11
GACGGAGGATGCAAGTGTTATCCGGAATTACTGGGCGTAAAGCGTCTGTAGGTGGTTTAGTAAGTCAACTGTTAAATCTTGAGGCTCAACTTCAAATCAGCAGTCGAAACTATTAGACTAGAGTATAGTAGAGGTAAAGGGAATTTCCAGTGGAGCGGTGAAATGCGTAGATATTGGAAAGAACACCGATGGCGAAGGCACTTTACTGGGCTATTACTAACACTCAGAGACGAAAGCTAGGGTAGCAAATGGG,1066.73359161414,-30,3.2885647250738,-9.1225207675749,7.33969079493921e-20,6.44862560601747e-18
TACGTATGGGGCAAACGTTGTTCGGATTCACTGGGCGTAAAGAGTACGTAGGCTGTCGAGACAGTCAATGATCAAATCCCGTAGCTTAACTACGTGGTCGTTGTTGATACTTCTCGACTAGAGTTTTATAGAGGTAGCAGGAATTCCTGGTGTAGGGGTGAAATCTGTTGATATCAGGAGGAACACCAAAGGCGAAGGCAAGCTACTGGGTAAAAACTGACGCTGAGGTACGAAAGCCAGGGGAGCAAATGGG,32.1700323585514,24.0077912204058,3.30028161125365,7.27446746924309,3.47789670553189e-13,3.63806300118139e-12
TACGGAGGGTGCGAGCGTTAATCGGAATTACTGGGCGTAAAGCGCATGCAGGTGGTTTGTTAAGTCAGATGTGAAAGCCCGGGGCTCAACCTCGGAATAGCATTTGAAACTGGCAAGCTAGAGTACTGTAGAGGGGGGTAGAATTTCAGGTGTAGCGGTGAAATGCGTAGAGATCTGAAGGAATACCGGTGGCGAAGGCGGCCCCCTGGACAGATACTGACACTCAGATGCGAAAGCGTGGGGAGCAAACAGG,39.736105752345,23.1088977536355,3.30025807881595,7.00214868102873,2.52066365638554e-12,2.02416929982475e-11
TACGTAGGGGGCGAACGTTGTTCGGAATCACTGGGCGTAAAGGGTGCGCAGGCTGCTCATCAAGTCAGTTGTGAAATTTCGTGGCTCAACCACGAAGCTGTTGCTGATACTGTTGGGCTAGAGTCATAGATAGAGGTAGCGGGAATTCCTGGTGTAGGAGTGAAATCTGTAGATATCAGGAGGAACACCAAGGGTGAAGACAAGCTACTGGGTAATGACTGACGCTGAGGCACGAAAGCTAGGGGAGCAAATGGG,14.311544185511,24.921809756918,3.30043554545246,7.55106694668127,4.31706846361787e-14,5.72011571429368e-13
TACGGAGGATCCAAGCGTTATCCGGAATCATTGGGTTTAAAGGGTCCGTAGGCGGCCTTATAAGTCAGTGGTGAAATCTCCTAGCTCAACTAGGAAACTGCCATTGATACTGTAGGGCTTGAATTTTTGTGAAGTAACTAGAATATGTAGTGTAGCGGTGAAATGCTTAGATATTACATGGAATACCAATTGCGAAGGCAGGTTACTAACAAACGATTGACGCTGATGGACGAAAGCGTGGGGAGCGAACAGG,8.87101559956195,-25.7351583099229,3.28967313189033,-7.82301380050328,5.15734483269378e-15,7.74178311639911e-14
TACGGAGGGTGCAAGCGTTACTCGGAATCACTGGGCGTAAAGCGCGCGCAGGCGGTTTGATAAGTTGGATGTGAAAGCCTACGGCTCAACCGTAGAACTGCATCCAAAACTGTCAAACTAGAGTCTGGGAGGGGAAGATGGAATTAGTTGTGTAGGGGTAAAATCCGTAGAGATAACTAGGAATACCAAAAGCGAAGGCAATCTTCTGGAACAGTACTGACGCTGAGGCGCGAAAGCGTGGGGAGCAAACAGG,3.29498481538693,-30,3.29149793945352,-9.11439124430405,7.91133628177942e-20,6.44862560601747e-18
TACGTAAGGGGCAAGCGTTATTCGGATTTACTGGGCGTAAAGGGTGTGTAGGTGGATTAAGAAGTTAGGTATGAAAGTTTTAAGCTTAACTTGAAAATGTTATCTAAAACCATTAATCTTGAGTTTAGAAGGGGAAGACGGAATTTCTAGTGTAAGGGTGGAATCTACAGATATTAGAAAGAACACCGATGGCGAAGGCAGTCTTCTGGTCTAACACTGACACTAAAACACGAAAGCTAGGGGAGCAAACAGG,11.9444034598276,23.1968581038351,3.30049051815362,7.02830624001066,2.09055670239639e-12,1.7494658720054e-11
TACGTAAGTCACGAGCGTTAATCGGATTTATTGGGCGTAAAGGGTCCGCAGGGGGTTTGCTAAGTCTGATGTGAAAGCCAACGGCTCAACCGTTGAACTGCATTGGAAACTGGTGAACTGGAGTATCGGAGAGGAAAGTGGAATTCCTGGTGTAGCGGTGGAATGCTTAGATATCAGGAGGAACATCAATGGCGAAGGCAGCTTTCTGGACGATTACTGACCCTCATGGACGAAAGCGTGGGTAGCAAACAGG,28.5084692221702,24.010587189039,3.30029766073851,7.27527928001082,3.45704497460199e-13,3.63806300118139e-12
TACGGAGGGTGCAAGCGTTAATCGGAATTACTGGGCGTAAAGCGAGTGTAGGCGGCTTCGTAAGTCGGATGTGAAAGCCCCGGGCTTAACCTGGGAATTGCATTCGATACTGCGCGGCTAGAGTCTGATAGAGGGAAGTGGAATTCCAGGTGTAGCGGTGAAATGCGTAGATATCTGGAGGAACACCAGTGGCGAAGGCGGCTTCCTGGATCAAGACTGACGCTGAGGCTCGAAAGCGTGGGGAGCAAACAGG,249.307003793602,6.69267847659214,2.56381160641546,2.61044082172222,0.00904256156919882,0.0485732192399531
TACGGGGGGGGCGAGCGTTGTTCGGATTCATTGGGCGTAAAGGGTATGTAGGTGGTTTGGCAAGTTAGGAGTGAAATCCCAGATCTTAAATCTGGAACTGCTCCTAAAACTACCAGACTTGAGTTAAAGAGAGGATAGTAGAATTCCTAGTGTAGAGGTGAAATTCGTAGATATTAGGAGGAATGCCAGAGGCGAAGGCGACTGTCTGGATTTATACTGACACTGAAATACGAAAGTGTGGGGAGCAAACAGG,10.0704643101079,22.9332693454255,3.30055232942988,6.94831260239006,3.69681140171813e-12,2.7726085512886e-11
TACGTAGGGGGCAAGCGTTATCCGGAATCATTGGGCGTAAAGCGTGCGTAGGCGGCTTGGAAGGTCAGAGGTGAAAGGCATGGGCTCAACCCATGTAAGCCTTTGAAACCGACAGGCTTGAGATCAGGAGGGGAAAGTGGAATTTCTAGTGTAGCGGTGGAATGCGTAGATATTAGAAGGAACACCAGTGGCGAAGGCGACTTTCTGGACTGATACTGACGCTGAGGCACGAAAGCGTGGGGAGCGAACAGG,16.145605628801,23.3603494403653,3.30040405938931,7.07802712031805,1.46221114719374e-12,1.32097484320343e-11
TACGGAGGGCGCAAGCGTTACTCGGAATCACTGGGCGTAAAGAGCGTGTAGGCGGGTTGATAAGTTTGAAGTGAAATCCAATGGCTCAACCATTGAACTGCTTTGAAAACTGTTAACCTAGAATATGGGAGAGGTAGATGGAATTTCTGGTGTAGGGGTAAAATCCGTAGAGATCAGAAGGAATACCGATTGCGAAGGCGATCTACTGGAACATTATTGACGCTGAGACGCGAAAGCGTGGGGAGCAAACAGG,6.74776080475341,22.2076745458078,3.30074503521197,6.72807936053798,1.71917156318192e-11,1.0933931141837e-10
TACGGAGGGTGCAAGCGTTGTTCGGAATTATTGGGCGTAAAGAGCATGTAGGCGGACTGTTAAGTCTGGTGTGAAAGCCCGGGGCTCAACCCCGGAAGTGCATTGGATACTGGCAGTCTTGAGTATGGGAGAGGAAAGTGGAATTCCGAGTGTAGGAGTGAAATCCGTAGATATTCGGAGGAACACCAGTGGCGAAGGCGGCTTTCTGGACCAATACTGACGCTGAGATGCGAAAGCGTGGGGAGCAAACAGG,221.245139864228,27.2476669816848,3.30017797710074,8.2564234931421,1.50102366777648e-16,3.84939940607193e-15
GACGGAGGATGCAAGTGTTATCCGGAATTACTGGGCGTAAAGCGTCTGTAGGTGGTTTAGTAAGTCAACTGTTAAATCTTGAGGCTCAACTTCAAATCAGCAGTCGAAACTATTAGACTAGAGTATAGTAGGGGTAAAGGGAATTTCCAGTGGAGCGGTGAAATGCGTAGATATTGGAAAGAACACCGATGGCGAAGGCACTTTACTGGGCTATTACTAACACTCAGAGACGAAAGCTAGGGTAGCAAATGGG,30.8527131636766,-29.1468756641438,3.28887704128015,-8.86225763332241,7.84101406441731e-19,3.89600386325735e-17
TACGAAGGGTGCAAGCGTTAATCGGAATTACTGGGCGTAAAGCGCGCGTAGGTGGTTCGTTAAGTTGGATGTGAAAGCCCCGGGCTCAACCTGGGAACTGCATCCAAAACTGGCGAGCTAGAGTATGGCAGAGGGTGGTGGAATTTCCTGTGTAGCGGTGAAATGCGTAGATATAGGAAGGAACACCAGTGGCGAAGGCGACCACCTGGGCTAATACTGACACTGAGGTGCGAAAGCGTGGGGAGCAAACAGG,11.4582518648579,23.097578269419,3.30050427022974,6.99819675367704,2.592778172764e-12,2.06125864734738e-11
TACAGAGGGTGCAAGCGTTAATCGGAATTACTGGGCGTAAAGCGCGCGTAGGTGGTTCAGTAAGATGGGTGTGAAATCCCCGGGCTCAACCTGGGAACTGCTTTCATAACTGCTGAACTAGAGTACGGTAGAGGGTAGTGGAATTTCCTGTGTAGCGGTGAAATGCGTAGATATAGGAAGGAACACCAGTGGCGAAGGCGACTACCTGGACTGATACTGACACTGAGGTGCGAAAGCGTGGGGAGCAAACAGG,49.1596334189853,25.1046033910161,3.30023891205207,7.60690485144489,2.80737830913767e-14,3.782823314855e-13
TACGTAGGGAGCTAGCGTTGTTCGGAATCACTGGGCGTAAAGGGAGCGTAGGCGGAAGAGTAAGTTAGGAGTGAAATGTACGGGCTCAACCCGTGATCTGCTTTTAATACTGCTTTTCTTGAGTATGGGAGAGGAAGGTAGAATTCCAGGTGTAGCGGTGGAATGCGTAGATATCTGGAAGAATACCAGTTGCGAAGGCGGCCTTCTGGCCCAATACTGACGCTGATGCTCGAAAGCTAGGGGAGCGAACAGG,12.0027548609344,23.0514966788292,3.30048872840001,6.98426765723388,2.86345695801387e-12,2.23181204080493e-11
TACGGAGGGTCCAAGCGTTAATCGGAATTACTGGGCGTAAAGCGTGCGCAGGCGGTTTGTTAAGCGAGATGTGAAAGCCCCGGGCTCAACCTGGGAATTGCATTTCGAACTGGCAAACTAGAGTCTTGTAGAGGGGGGTAGAATTCCAGGTGTAGCGGTGAAATGCGTAGAGATCTGGAGGAATACCGGTGGCGAAGGCGGCCCCCTGGACAAAGACTGACGCTCAGGCACGAAAGCGTGGGGAGCAAACAGG,12.0973633446332,23.2305626931673,3.30048619570461,7.03852745192526,1.94282029764984e-12,1.66079799637809e-11
TACGTATGTTGCAAGCGTTACTCGGAATCACTGGGCGTAAAGAGTTCGTAGGCGGACTAATAAGTCAGAGGTGAAATTTTGGGGCTCAACCCCGAAACTGCCTTTGAAACTGTTTGTCTTGAGTATGTGAGAGGAAGATGGAATTCCTGGTGTAGCGGTGGAATGCGTAGATATCAGGAAGAACACCGATGGCGAAGGCAATCTTCTGGCACAATACTGACGCTGAGGAACGAAAGCGTGGGGAGCGAACAGG,14.8143281566774,22.1184497887201,3.30042598133496,6.70169545198333,2.06015058773023e-11,1.29985691844883e-10
TACGGAGGGGACTAGCGTTGTTCGGAATTACTGGGCGTAAAGAGCTCGTAGGCTGATAAGCAAGTTAGAGGTGAAATCCTTGGGCTTAACCCGAGAACTGCCTTTAAAACTGCTTGTCTAGAGACCGGAAGAGGTAAGGGGAATACCTAGTGTAGAGGTGAAATTCGTAGATATTAGGTGGAACACCAGTGGCGAAGGCGCCTTACTGGTCCGGTACTGACGCTGAGGAGCGAAAGCGTGGGGAGCAAACAGG,4.36705079162421,21.7729926902231,3.30100965367029,6.5958585325597,4.22801942862108e-11,2.565859118896e-10
TACGGAGGGTGCAAGCGTTGTTCGGAATTACTGGGCGTAAAGAGCGTGTAGGCGGCCAAGTCAGTCAGATGTGAAAGCCCGTGGCTTAACTGCGGAAGTGCATCTGATACTGCTTGGCTTGAGTCTCGGAGAGGGGTGTGGAATTCCCGGTGTAGAGGTGAAATTCGTAGATATCGGGAGGAACACCAGTGGCGAAGGCGACACCCTGGACGATGACTGACGCTGAGACGCGAAAGCGTGGGGAGCAAACAGG,42.1182051761301,24.6272608017805,3.30028397772572,7.46216415556809,8.5112750681663e-14,1.02522176957458e-12
TACGGAGGGAGCTAGCGTTGTTCGGAATTACTGGGCGTAAAGCGCACGTAGGCGGCTTTTCAAGTCAGGGGTGAAATCCCGGGGCTCAACCCCGGAACTGCCCTTGAAACTGGATGGCTAGAATACTGGAGAGGTGAGTGGAATTCCGAGTGTAGAGGTGAAATTCGTAGATATTCGGAAGAACACCAGTGGCGAAGGCGACTCACTGGACAGTTATTGACGCTGAGGTGCGAAAGCGTGGGGAGCAAACAGG,2.68471791752139,-25.069422486846,3.29201546965737,-7.61522013426479,2.63242433337091e-14,3.65933064302307e-13
GACGGAGGATGCAAGTGTTATCCGGAATCACTGGGCGTAAAGCGTCTGTAGGTGGTTTAATAAGTCAACTGTTAAATCTTGAGGCTCAACTTCAAAATCGCAGTCGAAACTATTAGACTAGAGTATAGTAGGGGTAAAGGGAATTTCCAGTGGAGCGGTGAAATGCGTAGAGATTGGAAAGAACACCGATGGCGAAGGCACTTTACTGGGCTATTACTGACACTCAGAGACGAAAGCTAGGGTAGCAAATGGG,98.7477670367739,-30,3.28865545896093,-9.12226907755142,7.35676056640151e-20,6.44862560601747e-18
AACCAGCACCTCAAGTGGTCAGGATGATTATTGGGCCTAAAGCATCCGTAGCCGGCTCTGTAAGTTTTCGGTTAAATCTGTACGCTTAACGTACAGGCTGCCGGGAATACTGCAGAGCTAGGGAGTGGGAGAGGTAGACGGTACTCGGTAGGAAGGGGTAAAATCCTTTGATCTATTGATGACCACCTGTGGCGAAGGCGGTCTACCAGAACACGTCCGACGGTGAGGGATGAAAGCTGGGGGAGCAAACCGG,24.0046868144291,24.1971380454599,3.3003236210872,7.33174707197013,2.27171536674713e-13,2.47399139255338e-12
TACATAGGTCACAAGCGTTATCCGGAATTATTGGGCGTAAAGCGTTCGCAGGTTATTTAATAAGTCTAAAGTTAAAAGCTAGAGCTCAACTTTAGTTCGCTTTAGAAACTGTTAAATTAGAGTTATAGAGAGGTCAATGGAACTCCTAGTGTAGCGGTGGAATGCGTAGATATTAGGAAGAACACCAGTGGCGAAGGCGATTGACTGGCTATATACTGACACTCATGAACGAAAGCGTGGGGAGCAAATAGG,17.2558950015455,23.6220797793042,3.30038837682798,7.15736364397438,8.22433265640555e-13,7.9735908071249e-12
TACGGAGGGGGTTAGCGTTGTTCGGAATTACTGGGCGTAAAGCGCGCGTAGGCGGATTAGTCAGTCAGGGGTGAAATCCCGGGGCTCAACCCCGGAACTGCCTTTGATACTGCTAGTCTTGAGTTCGAGAGAGGTGAGTGGAATTCCGAGTGTAGAGGTGAAATTCGTAGATATTCGGAGGAACACCAGTGGCGAAGGCGGCTCACTGGCTCGATACTGACGCTGAGGTGCGAAAGTGTGGGGAGCAAACAGG,24.9210723532446,22.3276148842381,3.30031761310583,6.76529276926962,1.33039894842359e-11,8.66940298357993e-11
TACGGAGGGGGCGAGCGTTATTCGGAATTATTGGGCGTAAAGGGCGCGTAGGCGGTCTCTTAAGTCAGTGGTGAAATCCCTCGGCTCAACCGAGGAACTGCCTCTGAAACTGAGAGACTTGAGACCGGGAGAGGGTGGTGGAATTCCCAGTGTAGCGGTGAAATGCGTAGATATTGGGAGGAACACCGGTGGCGAAGGCGGCCACCTGGACCGGTTCTGACGCTGAGGCGCGAAAGTGTGGGGAGCAAACAGG,6.5656907114982,22.3904104113178,3.30076131384798,6.78340791179939,1.17373621078306e-11,7.71173791382256e-11
TACGGAGGGTGCGAGCGTTAATCGGAATTACTGGGCGTAAAGCGTACGTAGGTGGTTGTTTAAGTGGGATGTGAAATCCCCGGGCTTAACCTGGGAACTGCATACCAAACTGAACGACTGGAGTCTAGTAGAGGGGTGTGGAATTTCCTGTGTAGCGGTGAAATGCGTAGATATAGGAAGGAACACCAGTGGCGAAGGCGACACCCTGGACTAAGACTGACACTGAGGTACGAAAGCGTGGGGAGCAAACAGG,21.8133479072594,22.0901408951147,3.3003403131367,6.69329184241606,2.18205344333505e-11,1.36593109248139e-10
TACGGAGGGCGCAAGCGTTACTCGGAATCACTGGGCGTAAAGAGCGTGTAGGCGGGTTAATAAGTCAGAAGTGAAATCCTGTGGCTCAACCATAGAACTGCTTTTGAAACTGTTAACCTAGAATATGGGAGAGGTAGATGGAATTTCTGGTGTAGGGGTAAAATCCGTAGAGATCAGAAGGAATACCGATTGCGAAGGCGATCTACTGGAACATTATTGACGCTGAGACGCGAAAGCGTGGGGAGCAAACAGG,71.1518564985402,30,3.30021392652468,9.0903197998415,9.87481706570818e-20,6.54206630603167e-18
TACGGGGGGTGCAAGCGTTATTCGGAATTACTGGGCGTAAAGAGCGCGTAGGCGGTCTTTTAAGTCAGGTGTGAAAGCCCGGGGCTCAACCCCGGAAGTGCACTTGAAACTATTAGACTTGAGTATGGGAGAGGGAAGTGGAATTCCTGGTGTAGCGGTGAAATGCGTAGATATCAGGAGGAACATCGGTGGCGAAGGCGACTTCCTGGACCAATACTGACGCTGAGGCGCGAAGGCGTGGGGAGCAAACAGG,31.1333436259839,24.3684060387131,3.30031276664667,7.38366565889845,1.53989855673973e-13,1.74888478944012e-12
GACGGAGGATGCAAGTGTTATCCGGAATCACTGGGCGTAAAGCGTCTGTAGGTGGTCAAATAAGTCAACTGTTAAATCTTGAGGCTCAACCTCAAAATCGCAGTCGAAACTATTAGACTAGAGTATAGTAGGGGTAAAGGGAATTTCCAGTGGAGCGGTGAAATGCGTAGAGATTGGAAAGAACACCGATGGCGAAGGCACTTTACTGGGCTATTACTAACACTCAGAGACGAAAGCTAGGGTAGCAAATGGG,24.6674060794928,-28.2839679042858,3.28895782074635,-8.59967486535519,7.99422513861114e-18,2.99063604811897e-16
TACGGAGGGGGCAAGCGTTGTTCGGAGTCACTGGGCGTAAAGCGCACGTAGGTGGCGTGGTAAGTCTGGAGTTAAAGGCTACGGCTCAACCGTAGTACGGCTTCAGAAACTATCATGCTAGAGTATCAGAGAGGAATGCGGAATTCCCGGTGTAGCGGTGAAATGCGTAGATATCGGGAGGAACACCAGTTGCGAAGGCGGCATTCTGGCTGATTACTGACACTGAGGTGCGAAAGCGTGGGTAGCAAACAGG,11.3878801670742,23.1586816232642,3.30050659847067,7.0167051427787,2.27161286561558e-12,1.8811794043379e-11
GACGGAGGATGCAAGTGTTATCCGGAATCACTGGGCGTAAAGCGTCTGTAGGTGGTCCAATAAGTCAACTGTTAAATCTTGAGGCTCAACCTCAAAACCGCAGTCGAAACTATTAGACTAGAGTATAGTAGGGGTAAAGGGAATTTCCAGTGGAGCGGTGAAATGCGTAGAGATTGGAAAGAACACCGATGGCGAAGGCACTTTACTGGGCTATTACTAACACTCAGAGACGAAAGCTAGGGTAGCAAATGGG,16.6321410635929,23.6700646054001,3.30039694478391,7.17188417072355,7.39725184304039e-13,7.27850405494866e-12
TACGGAGGGTGCGAGCGTTGTTCGGAATTACTGGGCGTAAAGGGCGCGTAGGCGGCCTGATAAGTCAGATGTGAAAGTCCACGGCTCAACCGTGGAAGTGCATTTGAAACTGTCAGGCTTGAGTATCGGAGGGGAGTGTGGAATTCCCGGTGTAGAGGTGAAATTCGTAGAGATCGGGAGGAACACCGGTGGCGAAGGCGACACTCTGGACGAATACTGACGCTGAGGCGCGAAAGCGTGGGGAGCAAACAGG,26.6221352896904,-29.5465858157515,3.28892855114147,-8.98365086267894,2.61927934995097e-19,1.38821805547401e-17
TACGGAGGGTGCGAGCGTTAATCGGAATTACTGGGCGTAAAGCGCGCGTAGGTGGTTTGTTAAGTCAGATGTGAAAGCCCCGGGCTCAACCTGGGAACTGCATTTGATACTGGCAGGCTAGAGTATGGTAGAGGGAAGTGGAATTCCGGGTGTAGCGGTGAAATGCGTAGATATCCGGAAGAACACCAGTGGCGAAGGCGGCTTCCTGGACCAATACTGACGCTGAGGTGCGAAAGCGTGGGGAGCAAACAGG,3.45181097887348,-30,3.29139453192843,-9.1146775960714,7.8904726472024e-20,6.44862560601747e-18
TACGGAGGGTGCAAGCGTTGTTCGGAATTACTGGGCGTAAAGCGCGCGTAGGCGGCTATATAAGTCAGATGTGAAAGCCCGCGGCTCAACCGTGGAAGTGCATTTGAAACTGTATAGCTTGAGTACTGGAGGGGGTAGTGGAATTCCCGGTGTAGAGGTGAAATTCGTAGATATCGGGAGGAATACCGGTGGCGAAGGCGACTACCTGGCCAGATACTGACGCTGAGGTGCGAAAGCGTGGGGAGCAAACAGG,39.4187092370325,-29.5733200283861,3.28880708521468,-8.99211150490929,2.42525486589178e-19,1.37719829884569e-17
TACGGGGGGTGCTAGCGTTAATCGGAATTACTGGGCGTAAAGAGTTTGTAGGCGGTTTGATAAGTCAGATGTGAAAGACCTAAGCTCAACTTAGGAAGTGCATATGATACTATCTAACTAGAGTTTAACAGAGGATTAAGGAATTTTCGGTGTAGCGGTGAAATGCGTAGATATCGAAAGGAACATCAATGGCGAAGGCAATAATCTGGGATTAGACTGACGCTGAGAAACGAAAGCTTGGGTAGCAAACAGG,9.90067186605939,22.9618636558543,3.30055870746971,6.95696265116806,3.47687084344441e-12,2.65780030820991e-11
ACGTGTCAGCCGCGGTAATACGTAGGGGGCGAACGTTGTTCGGAATCACTGGGCGTAAAGGGTGCGCAGGCTGCTCATCAAGTCAGTTGTGAAATTTCGTGGCTCAACCACGAAGCTGCTGCTGATACTGTTGGGCTAGAGTCATAGATAGAGGTAGCGGGAATTCCTGGTGTAGGAGTGAAATCTGTAGATATCAGGAGGAACACCAAGGGTGAAGACAAGCTACTGGGTAATGACTGACGCTGAGGCACGAAAGCTAGGGGAGCAAATGGG,8.5933027429499,22.7220230049615,3.3006194706856,6.88416923149331,5.81257424050524e-12,4.08937745239086e-11
TACTCGCGGTCCAAGTCGCAGCCATTTTTATTGGGTCTAAAACATCCGTAGCTTGCTTCTTAAGTTCCTTGTGAAATTCTATATCTCAAATATAGAGCGGGCAAGGAGTACTGGGAAGCTAGAGACCGGAAGACGTAACGAGTACGTTCAAAGTAGTGGTAAAATATGTTAATCTTGGACGGACTAACAACAGCGAAGGCACGTTACGAGGACGGTTCTGACAGTAAGGGATGAAGGCTAGGGGCGCAAAACGG,4.55499565527135,-25.9262680885553,3.29072665068902,-7.87858453181664,3.31110459439888e-15,5.37209827050431e-14
TACGTAGGTCTCAAGCGTTATCCGGAATTATTGGGCGTAAAGGGTCCGTAGACGGTTTATTAAGTCTGATGTGAAAGCCACCGGCTCAACCGGTGAAACGCATTAGATACTGGTAAACTAGAGTATGTTAGAGGATAGTGGAATTCCATGTGTAGCGGTGAAATGCGTAGATATATGGAGGAACACCAGTGGCGAAGGCGGCTATCTGGGACATTACTGACGTTGAGGGACGAAAGCGTGGGGAGCGAACAGG,34.8634230225397,24.7355507754983,3.30027207541201,7.49500350585801,6.62965909476209e-14,8.36599838148549e-13
TACGTAGGGTGCAAGCGTTAATCGGAATTACTGGGCGTAAAGCGTGCGCAGGCGGTTCGGAAAGAAGGATGTGAAATCCCAGGGCTTAACCTTGGAACTGCATTTTTAACTACCGAGCTAGAGTGTGTCAGAGGGAGGTGGAATTCCGCGTGTAGCAGTGAAATGCGTAGAGATGCGGAGGAACACCGATGGCGAAGGCAGCCTCCTGGGATAACACTGACGCTCAGGCACGAAAGCGTGGGGAGCAAACAGG,22.0342677258172,22.9359458016054,3.30059731843184,6.94902879352232,3.67809481096864e-12,2.7726085512886e-11
TACGAAGGGAACTAGCGTTGTTCGGATTTACTGGGCGTAAAGAGCATGTAGGCGGATTGGACAGTTGAGGGTGAAATCCCAGAGCTCAACTCTGGAACTGCCTTCAATACTTCCAGTCTAGAGTCCGTAAGGGGGTGGTGGAATTCCGAGTGTAGAGGTGAAATTCGTAGATATTCGGAGGAACACCAGTGGCGAAGGCGACCACCTGGTACGGTACTGACGCTGAGATGCGAAAGCGTGGGGAGCAAACAGG,9.79350361115032,-26.6251786269281,3.28956825417804,-8.09382161112229,5.78213515339902e-16,1.27688817970895e-14
TACGGAGGGTGCAAGCGTTAATCGGAATTACTGGGCGTAAAGGGTACGTAGGCGGTTGTATAAGTTGGATGTGAAAGCCCCGGGCTTAACCTGGGAACTGCATTCAAAACTGTACGGCTAGAGTGTATAAGAGGTTAGCGGAATTCCAGGTGTAGCAGTGAAATGCGTAGATATCTGGAGGAACATCAGTGGCGAAGGCGGCTAACTGGTATAACACTGACGCTGAGGTACGAAAGCGTGGGTAGCGAACGGG,12.6598539313655,-26.595860492682,3.28934046768435,-8.08546903367687,6.19254114828402e-16,1.29554479286468e-14
TACGGAGGGGGCAAGCGTTGTTCGGAGTCACTGGGCGTAAAGAGCTCGTAGGTGGCATGGTAAGTCTGGAGTTAAAGGCATCAGCTCAACTGGTGTAAGGCTTCCGAAACTATCATGCTAGAGTGCCAGAGAGGTATGCGGAATTCCCTGTGTAGCGGTGAAATGCGTAGATATAGGGAGGAACACCAGTTGCGAAGGCGGCATACTGGCTGGTAACTGACACTGAGGAGCGAAAGCGTGGGTAGCAAACAGG,6.46878655194094,20.4457487857184,3.30077032112879,6.19423552582308,5.85685930846492e-10,3.44903937054045e-09
TACGGAGGGAGCTAGCGTTGTTCGGAATTACTGGGCGTAAAGCGCGCGTAGGCGGCTTTTCAAGTCAGGGGTGAAATCCCGGAGCTCAACTCCGGAACTGCCCTTGAAACTGGATGGCTAGAATACTGGAGAGGTGAGTGGAATTCCGAGTGTAGAGGTGAAATTCGTAGATATTCGGAAGAACACCAGTGGCGAAGGCGACTCACTGGACAGTTATTGACGCTGAGGTGCGAAAGCGTGGGGAGCAAACAGG,11.300385634233,21.8467060868424,3.30050931690752,6.61919236977405,3.61166603587638e-11,2.22579418490056e-10
TACGGAGGGTGCGAGCGTTAATCGGAATTACTGGGCGTAAAGCGCATGCAGGTGGTTTGTTAAGTCAGATGTGAAAGCCCTGGGCTCAACCCGGGAAGGTCATTTGAAACTGGCAAGCTAGAGTACTGTAGAGGGGGGTAGAATTTCAGGTGTAGCGGTGAAATGCGTAGAGATCTGAAGGAATACCGGTGGCGAAGGCGGCCCCCTGGACAGATACTGACACTCAGATGCGAAAGCGTGGGGAGCAAACAGG,19.1152080834698,22.8197800458263,3.30036609927508,6.91431779366497,4.70120220007986e-12,3.39768704460317e-11
TACGGAGGGTGCAAGCGTTAATCGGAATTACTGGGCGTAAAGCGCGCGTAGGCGGTTTGTTAAGCTGGATGTGAAAGCCCCGGGCTCAACCTGGGAACTGCATTCAGAACTGGCAGGCTAGAGTATTGGAGAGGTGAGTGGAATTTCCCGTGTAGCAGTGAAATGCGTAGATATGGGAAGGAACACCAGTGGCGAAGGCGACTCACTGGCCAAATACTGACGCTGAGGTGCGAAAGCGTGGGGAGCAAACGGG,8.28828612909219,-26.3946824286961,3.28975156878766,-8.02330567424065,1.02936773279136e-15,1.94844606564078e-14
TACGGAGGGTGCAAGCGTTGTTCGGAATTACTGGGCGTAAAGCGCGTGTAGGCGGCCCGATCAGTCGGATGTGAAATCCCTCGGCTCAACTGAGGAACTGCATCCGATACTGCCGGGCTTGAGTCTTGGAGGGGGAAGTGGAATTCCCGGTGTAGAGGTGAAATTCGTAGATATCGGGAGGAACACCAGTGGCGAAGGCGACTTCCTGGACAAAGACTGACGCTGAGACGCGAAAGCGTGGGGAGCAAACAGG,9.57598487768797,23.1476315057815,3.30057235590717,7.01321740889978,2.32899112953199e-12,1.88933464079381e-11
TACGAAGGGGGCAAGCGTTGTTCGGAATTACTGGGCGTAAAGAGTACGTAGGCGGTTAGATTAGTTAGGTGTGAAATCCCGGAGCTCAACTTCGGAGTTGCACTTAATACTGTTTAACTAGAATTCAAGAGGGGAGAGTGGAATTTCCAGTGTAGGGGTGATATCCGTAGATATTGGAAGGAACATCAGAGGCGAAGGCGACTCTCTGGCTTGATATTGACGCTGAGGTACGAAAGCGTGGGTAGCAAACAGG,13.8835439097189,22.5734212727561,3.30044413292377,6.83951018821184,7.94644075803698e-12,5.49340904577339e-11
TACGGAGGGGGCTAGCGTTGTTCGGAATTACTGGGCGTAAAGGGCGTGTAGGCGGCGAATTTAGTTAGGCGTGAAAGCCCCGGGCTCAACCTGGGAACTGCGCTTAATACTGATTTGCTAGAGTCCGGGAGAGGCTAGTGGAATATCCAGTGTAGAGGTGAAATTCGTAGATATTGGATGGAACACCGATGGCGAAGGCAGCTAGCTGGACCGGTACTGACGCTGAGGCGCGAAAGCGTGGGGAGCAAACAGG,17.5900007309787,23.7310424910916,3.30038390192575,7.19038851124099,6.46072146199766e-13,6.5016121041622e-12
GACGTAGGGGGCGAGCGTTGTCCGGATTTATTGGGCGTAAAGGGCTCGTAGGTGGTTGCGTAAGTCGGATGTGAAAACTCAGGGCTTAACTCTGAGACGCCATCCGATACTGCGCTGACTTGAGTCCGGTAGAGGAGTGTGGAATTCCTAGTGTAGCGGTGAAATGCGCAGATATTAGGAGGAACACCTATTGCGAAGGCAGCACTCTGGGCCGGTACTGACACTGAGGAGCGAAAGCGTGGGTAGCAAACAGG,9.19667809560207,22.4840565311372,3.30058939080178,6.81213379458731,9.61616071865772e-12,6.53405792421614e-11
GACGGAGGATGCAAGTGTTATCCGGAATCACTGGGCGTAAAGCGTCTGTAGGTGGTTAAATAAGTCAACTGTTAAATCTTGAGGCTCAACCTCGAAATCGCAGTCGAAACTATTTGACTAGAGTATAGTAGGGGTAAAGGGAATTTCCAGTGGAGCGGTGAAATGCGTAGAGATTGGAAAGAACACCGATGGCGAAGGCACTTTACTGGGCTATTACTGACACTCAGAGACGAAAGCTAGGGTAGCAAATGGG,10.7626046425191,21.7541467645137,3.30052654619388,6.59111401167197,4.36538480444205e-11,2.62915221176623e-10
TACGGAGGGTGCGAGCGTTAATCGGAATTACTGGGCGTAAAGCGCACGTAGGCGGTTGTGTGAGTCTGCTGTGAAAGCCCCGGGCTCAACCTGGGAATAGCAGTGGGGACTGCACGACTCGAGTGCGAGAGAGGGTGGCGGAATTCCGGGTGTAGCGGTGAAATGCGTAGAGATCCGGAGGAACACCGATGGCGAAGGCAGCCACCTGGCTCGACACTGACGCTGAGGAGCGAAAGCGTGGGGAGCAAACAGG,13.2531580548628,22.2092396659191,3.30045758601085,6.72913954721129,1.70669316315292e-11,1.0933931141837e-10
TACGTAGGAGGCAAGCGTTGTTCGGATTTATTGGGCGTAAAGGGCACGCAGGCGGTTATGCAAGTGTGGATTTAAATTGTTGAGCTCAACTCAATAATGGTCTGCAAACTACATGACTAGAGTGTCGAAGAGGAGACTGGAATTCCACGTGTAGGGGTGAAATCTGTAGATATGTGGAAGAATACCTATGGCGAAGGCAAGTCTCTGGTCGATAACTGACGCTGAGGTGCGAAAGTGTGGGGAGCGAACAGG,10.6185125368815,23.0437018809687,3.30053181131469,6.98181480995628,2.9139107953254e-12,2.24908648765407e-11
TACGGAGGGTGCAAGCGTTAATCGGAATTACTGGGCGTAAAGCGCGCGTAGGTGGTTCAGTCAGTCAGATGTGAAAGCCCCGGGCTCAACCTGGGAACTGCACCTGATACTGCTGAACTAGAGTACGGTAGAGGGTAGTGGAATTTCCTGTGTAGCGGTGAAATGCGTAGATATAGGAAGGAACACCAGTGGCGAAGGCGACTGCCTGGACTGATACTGACACTGAGGTGCGAAAGCGTGGGGAGCAAACAGG,23.8543204979083,-27.7626120937694,3.28897151261259,-8.44112269969654,3.14303997139842e-17,9.61044914331439e-16
TACGGAGGATCCAAGCGTTATCCGGAATCATTGGGTTTAAAGGGTCCGTAGGCGGCAATGTAAGTCAGTGGTGAAAGTTTTCGGCTCAACCGGAAAATTGCCATTGATACTGTATTGCTTGAATTATTGTGAAGTGGTTAGAATATGTAGTGTAGCGGTGAAATGCATAGATATTACATAGAATACCGATTGCGAAGGCAGATCACTAACAATTAATTGACGCTAAGGGACGAAAGCGTGGGTAGCGAACAGG,8.88558272975381,22.8118245651531,3.30060436071325,6.9114083580207,4.79865492992006e-12,3.43687447683464e-11
TACGGAGGGTCCGAGCGTTATCCGGATTTATTGGGTTTAAAGGGTGCGTAGGCGGGATATCAAGTCAGCGGTGAAATCTTCTAGCTCAACTAGAAAACTGCCGTTGAAACTGATATTCTTGAGTGTAAACGAGGTAAGCGGAATGTGTCATGTAGCGGTGAAATGCTTAGAGATGACACAGAACACCAATTGCGAAGGCAGCTTACTAGGATACAACTGACGCTGAGGCACGAAAGCGTGGGTATCGAACAGG,41.7235035865562,24.2651483355539,3.30025337687207,7.35251072102591,1.94517926698604e-13,2.14780210729709e-12
TACGGAGGGGGCTAGCGTTGTTCGGAATTACTGGGCGTAAAGCGCACGTAGGCGGACTGGAAAGTTGGGGGTGAAATCCCGGGGCTCAACCTCGGAACTGCCTCCAAAACTATCAGTCTGGAGTTCGAGAGAGGTGAGTGGAATACCGAGTGTAGAGGTGAAATTCGTAGATATTCGGTGGAACACCAGTGGCGAAGGCGGCTCACTGGCTCGATACTGACGCTGAGGTGCGAAAGCGTGGGGAGCAAACAGG,6.53951447337459,-25.9849039216171,3.2900708429023,-7.89797702310104,2.83466385993661e-15,4.69491201802e-14
TACGGAGGGGGTTAGCGTTGTTCGGAATTACTGGGCGTAAAGCGTACGTAGGCGGATTAGAAAGTTAGGGGTGAAATCCCAGGGCTCAACCCTGGAACTGCCTCTAAAACTACTAGTCTAGAGTTCGAGAGAGGTGAGTGGAACTCCGAGTGTAGAGGTGAAATTCGTAGATATTCGGAAGAACACCAGTGGCGAAGGCGGCTCACTGGCTCGATACTGACGCTGAGGTACGAAAGTGTGGGGAGCAAACAGG,17.7937684101492,23.6688190687917,3.30038130127691,7.17154077307195,7.41583432013637e-13,7.27850405494866e-12
TACGGAGGGTGCGAGCGTTAATCGGAATTACTGGGCGTAAAGCGTGCGTAGGCGGATTGTTAAGCAAGATGTGAAAGCCCCGGGCTCAACCTGGGAACTGCATTTTGAACTGGCTATCTAGAGTATTGTAGAGGGTGGTGGAATTTCCAGTGTAGCGGTGAAATGCGTAGAGATTGGAAGGAACATCAGTGGCGAAGGCGGCCGCCTGGACAAATACTGACGCTGAGGCACGAAAGCGTGGGGAGCAAACAGG,5.47099600778195,-25.7737898642748,3.29036493573814,-7.83310981232933,4.75948264265973e-15,7.41919353120488e-14
TACGGAGGGTGCAAGCGTTAATCGGAATTACTGGGCGTAAAGCGTGCGCAGGCGGTCTGTTAAGCGAGATGTGAAAGCCCCGGGCTCAACCTGGGAACTGCATTTCGAACTGGCAGACTAGAGTCTTGTAGAGGGGGGTAGAATTCCAGGTGTAGCGGTGAAATGCGTAGAGATCTGGAGGAATACCGGTGGCGAAGGCGGCCCCCTGGACAAAGACTGACGCTCAGGCACGAAAGCGTGGGGAGCAAACAGG,9.26785877544044,23.1503986368346,3.30058597984778,7.01402683589605,2.31554952453633e-12,1.88933464079381e-11
TACGGAGGGTCCGAGCGTTAATCGGAATTACTGGGCGTAAAGCGCGCGTAGGCGGCTAAGTCAGTCAGATGTGAAAGCCCCGGGCTTAACCTGGGAATTGCACCTGATACTGCTTAGCTAGAGTACAGAAGAGGGTGGTGGAATTTCCTGTGTAGCGGTGAAATGCGTAGATATAGGAAGGAACATCAGTGGCGAAGGCGGCCACCTGGACTGATACTGACGCTGAGGTGCGAAAGCGTGGGGAGCAAACAGG,6.95638364659996,22.4514597643994,3.30072748567593,6.80197315950235,1.03195828627015e-11,6.95260031851501e-11
TACGGAGGATCCGAGCGTTATCCGGATTTATTGGGTTTAAAGGGTGCGTAGGCGGCTCATTAAGTCAGGGGTGAAAGACGGCAGCTCAACTGTCGCAGTGCCTTTGATACTGATGAGCTTGAATGTGGTTGAAGATGGCGGAATGAGACAAGTAGCGGTGAAATGCATAGATATGTCTCAGAACTCCGATTGCGAAGGCAGCTGTCTAAGTCATTATTGACGCTGATGCACGAAAGCGTGGGGATCGAACAGG,9.00833466617069,-26.4860127947592,3.28965650455756,-8.05130041937965,8.19189153474118e-16,1.62813844252981e-14
TACGGAGGGTGCAAGCGTTATCCGGAATCATTGGGTTTAAAGGGTCCGTAGGCGGGCGATTAAGTCAGAGGTGAAATCCCACAGCTTAACTGTGGAACTGCCTTTGATACTGGTTGTCTTGAGTTATAGTGAAGTAGATAGAATATGTAGTGTAGCGGTGAAATGCATAGATATTACATAGAATACCGATTGCGAAGGCAGTCTACTAACTGTATACTGACGCTAATGGACGAAAGCGTGGGGAGCGAACAGG,4.76450608441395,20.3353783692344,3.30094844286079,6.16046530905844,7.253150373983e-10,4.23989304949741e-09
TACGGAGGATCCAAGCGTTATCCGGAATCATTGGGTTTAAAGGGTCCGTAGGCGGTTTTTTAAGTCAGAGGTGAAATCCTGCAGCTCAACTGTAGCATTGCCTTTGATACTGAAAGACTTGAGTTATTGTGAAGTAGTTAGAATGTGTAGTGTAGCGGTGAAATGCATAGATATTACACAGAATACCGATTGCGAAAGCAGATTACTAATAATATACTGACGCTCAGGGACGAAAGCGTGGGTAGCGAACAGG,20.0186916457591,23.9412663260601,3.29245423895166,7.2715562885646,3.55369236417455e-13,3.66907198638801e-12
TACGGAGGGTCCGAGCGTTAATCGGAATTACTGGGCGTAAAGCGCGCGTAGGCGGTTTGATAAGCGAGATGTGAAAGCCCAGGGCTCAACCTTGGAACTGCATTTCGAACTGTCAGGCTAGAATACAGCAGAGGATAGTGGAATTTCAGGTGTAGCGGTGAAATGCGTAGAGATCTGAAGGAACATCAGTGGCGAAGGCGACTGTCTGGGCTGATATTGACGCTGAGGTGCGAAAGCGTGGGGAGCAAACGGG,7.88920737271471,-16.880556834797,3.29143017229458,-5.12863890502315,2.91844519933288e-07,1.65725995247832e-06
TACGAGGGGGGCAAGCGTTATTCGGAATTATTGGGCGTAAAGGGCTCGTAGGCGGCATGGTCAGTGGAAAGTGAAAGCCCTCGGCTCAACCGAGGAATAGCTTCCCATACTGCCAAGCTAGAGGACAGGAGAGGAGAGTGGAATACCCGGTGTAGCGGTGAAATGCGTAGAGATCGGGTGGAACACCAGTGGCGAAGGCGACTCTCTGGACTGTTTCTGACGCTAAGGAGCGAAAGTGTGGGTAGCAAACAGG,12.8614052123304,23.3518196499474,3.30046670312425,7.0753083580096,1.49116804601221e-12,1.33199842312327e-11
TACGGAGGGTGCAAGCGTTACTCGGAATCACTGGGCGTAAAGAGCGTGTAGGCGGGTTAATAAGTCAGATGTGAAAGCCAATGGCTCAACCATTGAACTGCATTTGAAACTGTTGACCTAGAATATGGGAGAGGTAGATGGAATTTCTGGTGTAGGGGTAAAATCCGTAGAGATCAGAAGGAATACCGATTGCGAAGGCGATCTACTGGAACATTATTGACGCTGAGACGCGAAAGCGTGGGGAGCAAACAGG,16.7641067433656,-29.9918545081274,3.28914750339273,-9.11842794438104,7.62219025178551e-20,6.44862560601747e-18
TACGGAGGGGGCTAGCGTTGTTCGGAATTACTGGGCGTAAAGCGCGCGTAGGCGGATTGTTAAGTCGGGGGTGAAATCCCGGGGCTCAACCCCGGAACTGCCCTCGATACTGGCAGTCTTGAGTTCGAGAGAGGTGAGTGGAATTCCGAGTGTAGAGGTGAAATTCGTAGATATTCGGAGGAACACCAGTGGCGAAGGCGGCTCACTGGCTCGATACTGACGCTGAGGTGCGAAAGCGTGGGGAGCAAACAGG,5.35768531690812,22.8281539389937,3.300874866363,6.91578895389829,4.65266629824906e-12,3.39345844688808e-11
TACGAAGGGACCTAGCGTAATTCGGAATTACTGGGCGTAAAGCGCGCGTAGGCGGTTAAGTAAGTTAATTGTGAAAGCCCAAAGCTCAACTTTGGAATTGCAATTAAAACTACTTAGCTAGAGTTTATCAGAGGAAAGCGGAATACATAGTGTAGAGGTGAAATTCGTAGATATTATGTAGAACACCAGTTGCGAAGGCGGCTTTCTGGGATAACACTGACGCTGAGGTGCGAAAGTATGGGTAGCGAAGAGG,6.93970525179875,22.3053852664342,3.3007289013441,6.75771501784082,1.40184914951117e-11,9.06073230781613e-11
TACGTAGGGGGCAAGCGTTATCCGGAATCACTGGGCGTAAAGGGTGCGTAGGCGGTTTTACAAGTCAGGAGTGAAAGGCTATGGCTCAACCATAGTAAGCTCTTGAAACTGTATAACTTGAGTGCAGGAGAGGAAAGTGGAATTCCTAGTGTAGCGGTGAAATGCGTAGATATTAGGAGGAACACCAGTGGCGAAGGCGACTTTCTGGACTGTAACTGACGCTGAGGCACGAAAGCGTGGGGAGCGAACAGG,7.20282415039695,21.8327956800393,3.30070828002865,6.61457900176802,3.7261062681677e-11,2.27865729476409e-10
GACGGAGGTGGCAAACGTTGCTCGGAATCACTGGGCTTAAAGGGCGTGTAGGCGGCCGATCAAGTCGGATGTGAAATCTCTCGGCTCAACCGAGAAACTGCATTCGATACTGGTCAGCTAGAGTGCGAGAGGGGTGAGTGGAACTCCAGGTGTAGCGGTGAAATGCGTAGATATCTGGAGGAACGCCGGTGGCGAAAGCGACTCACTGGCTCGCAACTGACGCTGAGGCGCGAAAGCTAGGGGAGCGAACGGG,2.63290297408345,-24.7341577619911,3.29207056883564,-7.51325260039586,5.76760856756709e-14,7.39556259873522e-13
TACGGAGGGTCCAAGCGTTATCCGGATTTATTGGGTTTAAAGGGTGCGCAGGCGGACCTATTAGTCAGTGGTGAAATCCCGGGGCTCAACTCCGGAACTGCCATTGATACTGTAGGTCTTGAGTTTGGTTGAAGTGGGCGGAATGTAGCATGTAGCGGTGAAATGCATAGATATGCTACAGAACACCGATCGCGAAGGCAGCTCACTAAACCAATACTGACGCTCAGGCACGAAAGCGTGGGTAGCGAACAGG,12.2748247969279,23.2579248028555,3.30048157925868,7.04682763540206,1.83042822650903e-12,1.58172873921161e-11
TACGGAGGGGGTTAGCGTTGTTCGGAATTACTGGGCGTAAAGCGCGCGTAGGCGGATTGGAAAGTTGGGGGTGAAATCCCGGGGCTCAACCCCGGAACGGCCTCCAAAACTCCCAGTCTTGAGTTCGAGAGAGGTGAGTGGAATTCCGAGTGTAGAGGTGAAATTCGTAGATATTCGGAGGAACACCAGTGGCGAAGGCGGCTCACTGGCTCGATACTGACGCTGAGGTGCGAAAGTGTGGGGAGCAAACAGG,6.94890350159104,-26.1733700617374,3.28998182781825,-7.95547557145453,1.78444728853002e-15,3.15252354306971e-14
TACGGAGGGGGTTAGCGTTGTTCGGAATTACTGGGCGTAAAGCGCGCGTAGGCGGACTATTAAGTCAGGGGTGAAATCCCGGGGCTCAACCCCGGAACTGCCTTTGATACTGGTAGTCTAGAGTTCGAGAGAGGTGAGTGGAACTCCGAGTGTAGAGGTGAAATTCGTAGATATTCGGAAGAACACCAGTGGCGAAGGCGGCTCACTGGCTCGATACTGACGCTGAGGTGCGAAAGTGTGGGGAGCAAACAGG,21.0285280867983,23.9212280958741,3.30034703692123,7.24809476950924,4.22674843444101e-13,4.30803205818026e-12
TACGGAGGGTGCAAGCGTTAATCGGAATTACTGGGCGTAAAGCGCGCGTAGGTTGTTTGTTAAGCGAGATGTGAAAGCCCCGGGCTTAACCTGGGAACTGCATTTCGAACTGGCAGACTAGAGTACGGTAGAGGGTAGTGGAATTTCAGGTGTAGCGGTGAAATGCGTAGAGATCTGAAGGAACATCAGTGGCGAAGGCGACTACCTGGACTGATACTGACACTGAGGTGCGAAAGCGTGGGGAGCAAACAGG,1.79769174382423,-24.2586452801184,3.29332472170144,-7.36600467007263,1.75817665522577e-13,1.96866259282322e-12
TACGTAGGGGCCAAACGTTGTCCGGATTTATTGGGCGTAAAGGGCTCGTAGGCGGTTCAACAAGTCGGTCGTGAAAACCCGGGGCTCAACCCCGGGACGCCGGTCGAAACTGTTGTGACTAGGGTCCGGTAGAGGTGAGTGGAATTCTCGGTGTAGCGGTGGAATGCGCAGATATCGAGAGGAACACCAGTAGCGAAGGCGGCTCACTGGGCCGGTACCGACGCTGAGGAGCGAAAGCATGGGGAGCAAACAGG,9.7932136737453,22.8868187688632,3.30056381452611,6.93421489629619,4.08483312087416e-12,3.00689104731015e-11
GACGGAGGATGCAAGTGTTATCCGGAATCACTGGGCGTAAAGCGTCTGTAGGTGGTTTAATAAGTCAACTGTTAAATCTTGAGGCCCAACCTCAAAATCGCAGTCGAAACTATTAGACTAGAGTATAGTAGGGGTAAAGGGAATTTCCAGTGGAGCGGTGAAATGCGTAGAGATTGGAAAGAACACCGATGGCGAAGGCACTTTACTGGGCTATTACTAACACTCAGAGACGAAAGCTAGGGTAGCAAATGGG,14.268391747171,23.0542593667249,3.30043643394503,6.9852153883685,2.84419291982936e-12,2.23181204080493e-11
TACGGAGGGTGCGAGCGTTAATCGGAATTACTGGGCGTAAAGCGCATGCAGGTGGTTTGTTAAGTCAGATGTGAAAGCCCGGGGCTCAACCTCGGAATTGCATTTGAAACTGGCAGGCTAGAGTACTGTAGAGGGGGGTAGAATTTCAGGTGTAGCGGTGAAATGCGTAGAGATCTGAAGGAATACCAGTGGCGAAGGCGGCCCCCTGGACAGATACTGACACTCAGATGCGAAAGCGTGGGGAGCAAACAGG,12.6588506684142,21.9170391121876,3.30047160858967,6.64057798744495,3.12455457950549e-11,1.94064132086474e-10
GACGGAGGATGCAAGTGTTATCCGGAATCACTGGGCGTAAAGCGTCTGTAGGTGGTTTAATAAGTCAACTGTTAAATCTTGAAGCTCAACTTCGAAATCGCAGTCGAAACTATTAGACTAGAGTATAGTAGGGGTAAAGGGAATTTCCAGTGGAGCGGTGAAATGCGTAGAGATTGGAAAGAACACCGATGGCGAAGGCACTTTACTGGGCTATTACTAACACTCAGAGACGAAAGCTAGGGTAGCAAATGGG,8.65997237647639,-26.4236456319568,3.28970058696902,-8.03223422113996,9.57134208240606e-16,1.85590657451532e-14
TACGGAGGGTGCAAGCGTTAATCGGAATTACTGGGCGTAAAGCGCGCGTAGGCGGTTTGTTAAGTCGGATGTGAAAGCCCTGGGCTCAACCTGGGAACTGCATTCGATACTGGCCGACTAGAGTACGAGAGAGGGAGGTAGAATTCCACGTGTAGCGGTGAAATGCGTAGATATGTGGAGGAATACCGGTGGCGAAGGCGGCCTCCTGGCTCGATACTGACGCTGAGGTGCGAAAGCGTGGGGAGCAAACAGG,15.6017423359594,23.5987969609439,3.30041264424798,7.15025649961448,8.66158991439195e-13,8.29634214691759e-12
TACGGAGGGTGCGAGCGTTAATCGGAATTACTGGGCGTAAAGCGTACGCAGGCGGTTGGTTAAGCGAGATGTGAAATCCCCGGGCTCAACCTGGGAACTGCATTTCGAACTGGCCAACTAGAGTATGAGAGAGGGTGGTAGAATTTCAGGTGTAGCGGTGAAATGCGTAGAGATCTGAAGGAATACCGATGGCGAAGGCAGCCACCTGGTTCAATACTGACGCTCATGTACGAAAGCGTGGGGAGCAAACAGG,55.9419328302886,-28.9064534720189,3.28873260955054,-8.78954202238092,1.50170870643326e-18,6.63254678674691e-17
TACGGAAGGTCCAAGCGTTAATCGGAATTACTGGGCGTAAAGCGCACGTAGGTGGCTTGGTAAGTCGGATGTGAAAGCCCCGGGCTCAACCTGGGAACTGCATTCGATACTGCTGAGCTAGAGTACGGGAGAGGAAGGTGGAATTCCAGGTGTAGCGGTGAAATGCGTAGAGATCTGGAGGAACATCGGTGGCGAAGGCGGCCTTCTGGCCTGATACTGACACTGAGGTGCGAAAGCGTGGGGAGCAAACAGG,10.4596067310465,-26.2779323436521,3.28950392337076,-7.98841799730249,1.36681335633962e-15,2.46958322338637e-14
TACGGAGGGGACTAGCGTTGTTCGGAATTACTGGGCGTAAAGCGCGCGTAGGCGGACTATTAAGTCAGGGGTGAAATCCCGGGGCTCAACCCCGGAACTGCCTTTGATACTGGTAGTCTTGAGTTCGAGAGAGGTGAGTGGAATTCCGAGTGTAGAGGTGAAATTCGTAGATATTCGGAGGAACACCAGTGGCGAAGGCGGCTCACTGGCTCGATACTGACGCTGAGGTGCGAAAGCGTGGGGAGCAAACAGG,26.381729147696,-28.7748962359114,3.28893163485729,-8.74901014388519,2.15232317694707e-18,9.00577329301537e-17
TACGAAGGGGGCTAGCGTTGTTCGGATTTACTGGGCGTAAAGCGCACGTAGGCGGATCGTTAAGTGAGGGGTGAAATCCCAGGGCTCAACCCTGGAACTGCCTCTCATACTGGCGATCTGGAGTTCGAGAGAGGTGAGTGGAATTCCGAGTGTAGAGGTGAAATTCGTAGATATTCGGAGGAACACCAGTGGCGAAGGCGGCTCACTGGCTCGATACTGACGCTGAGGTGCGAAAGCGTGGGGAGCAAACAGG,84.9923579566813,-8.64330225596226,3.28532202522238,-2.63088433633144,0.00851630144300314,0.0460575486203231
TACGGAGGGTGCGAGCGTTAATCGGAATTACTGGGCGTAAAGGGTTCGTAGGCGGTTATATAAGTCAGATGTGAAAGACCCGGGCTTAACCTTGGAATGGCATTTGAAACTGTGTAACTAGAGTAAGGTAGAGGAGTGGGGAATTTCCGGTGTAGCGGTGAAATGCGTAGAGATCGGAAGGAACACCAGTGGCGAAGGCGACACTCTGGGCCATTACTGACGCTGAGGGACGAAAGCGTGGGGATCAAACAGG,7.02210351360668,-27.1094779402236,3.28996673368104,-8.24004621769888,1.72144145281654e-16,4.27670610934108e-15
TACAGAGGGTGCGAGCGTTAATCGGAATTACTGGGCGTAAAGCGCGCGTAGGCGGTTTGTTAAGTCGGATGTGAAAGCCCCGGGCTCAACCTGGGAACTGCATTCGATACTGGCAGGCTAGAGTATGGTAGAGGGAAGTGGAATTCCGGGTGTAGCGGTGAAATGCGTAGATATCCGGAGGAACATCAGTGGCGAAGGCGGCTTCCTGGACCAATACTGACGCTGAGGTGCGAAAGCGTGGGGAGCAAACAGG,18.1221790477115,-27.6203040620816,3.28910338917321,-8.39751774085294,4.56015666426103e-17,1.25011191313363e-15
TACGGAGGGAGCGAGCGTTAATCGGAATTACTGGGCGTAAAGCGCGCGTAGGCGGCTTTGTAAGTCGGATGTGAAAGCCCAGGGCTTAACCCTGGAATTGCATTCGATACTGCATAGCTAGAGTATGGTAGAGGGAAGTGGAATTTCCGGTGTAGCGGTGAAATGCGTAGATATCGGAAGGAACACCAGTGGCGAAGGCGACTTCCTGGGCCAATACTGACGCTGAGGTGCGAAAGCGTGGGGAGCAAACAGG,9.52187696174475,23.3865423535499,3.30057460007036,7.08559726329209,1.38445892597288e-12,1.2798195885447e-11
TACGGAGGGGGCTAGCGTTGTTCGGAATTACTGGGCGTAAAGCGCGCGTAGGCGGGCTGTTAAGTCGGGGGTGAAATCCCGGGGCTCAACCCCGGAACTGCCTCCGATACTGGCAGCCTAGAGATCGAGAGAGGCGAGTGGAATTGCGAGTGTAGAGGTGAAATTCGTAGATATTCGCAGGAACACCAGTGGCGAAGGCGGCTCGCTGGCTCGATACTGACGCTGAGGCGCGAAAGCGTGGGGAGCAAACAGG,9.3941780129018,-30,3.28961146828292,-9.11961801241503,7.53895792695268e-20,6.44862560601747e-18
TACGGAGGGTGCAAGCGTTAATCGGAATTACTGGGCGTAAAGCGCGCGTAGGTGGTTTAGTCAGTCAGATGTGAAAGCCCCGGGCTCAACCTGGGAACTGCACCTGATACTGCTAAACTAGAGTACGGTAGAGGGCAGTGGAATTTCCTGTGTAGCGGTGAAATGCGTAGATATAGGAAGGAACACCAGTGGCGAAGGCGACTGCCTGGACTGATACTGACACTGAGGTGCGAAAGCGTGGGGAGCAAACAGG,42.2690908270586,-28.5478737049426,3.28879018105118,-8.68035725399117,3.94527600790439e-18,1.56824721314199e-16
TACGGAGGGAGCTAGCGTTGTTCGGAATTACTGGGCGTAAAGCGCGCGTAGGCGGCGATCCAAGTCAGGGGTGAAATCCCGGGGCTCAACCCCGGAACTGCCCTTGAAACTAGGTTGCTAGAATACTGGAGAGGTGAGTGGAATTCCGAGTGTAGAGGTGAAATTCGTAGATATTCGGAAGAACACCAGTGGCGAAGGCGACTCACTGGACAGTTATTGACGCTGAGGTGCGAAAGCGTGGGGAGCAAACAGG,9.74573065482852,-26.6107977979629,3.28957332779054,-8.08943748818517,5.99409078682517e-16,1.28791950689892e-14
TACGGGGGGAGCGAGCGTTGTCCGGAATCATTGGGCGTAAAGGGCGCGTAGGCGGAACGGTCAGTCAGATGTGAAATGTCCCGGCTTAACCGGGGAGTTGCATTTGAAACTGCCGTTCTTGAGTGTCGTAGGGGATGATGGAATTCCTGGTGTAGCGGTGAAATGCGTAGAGATCAGGAAGAACACCGGTGGCGAAGGCGGTCATCTGGGCGAATACTGACGCTGAGGCGCGAAAGTGTGGGTAGCAAACAGG,25.7379450959282,21.1363216769669,3.30152793205603,6.4019817829632,1.53372970527951e-10,9.16778282479103e-10
GACGGAGGATGCAAGTGTTATCCGGAATCACTGGGCGTAAAGCGTCTGTAGGTGGTTTGATAAGTCAACTGTTAAATCTTGAAGCTTAACTTCAAAATCGCAGTCGAAACTATTAGACTAGAGTATAGTAGGGGTAAAGGGAATTTCCAGTGGAGCGGTGAAATGCGTAGAGATTGGAAAGAACACCGATGGCGAAGGCACTTTACTGGGCTATTACTGACACTCAGAGACGAAAGCTAGGGTAGCAAATGGG,27.421993604188,-28.0127333438776,3.28891757134262,-8.51731085873401,1.63300744698786e-17,5.40933716814727e-16
CACGGGGGGCGCAAGCGTTATTCGGAATTATTGGGCGTAAAGGGCGCGTAGGCGGTCTTGTCGGTCAGGTGTGAAAGCCCGGGGCTCAACCCTGGAAGTGCACTTGAAACAGCAAGACTTGAGTACGGGAGAGGAAAGCGGAATTCCTGGTGTAGAGGTGAAATTCGTAGATATCAGGAGGAACACCGATGGCGAAGGCAGCTTTCTGGACCGATACTGACGCTGAGGCGCGAAGGCGTGGGTAGCGAACGGG,15.1967787489334,-27.2677710917864,3.28920880228784,-8.29006996236301,1.13181875187011e-16,2.99931969245579e-15
TACGGAGGGTGCGAGCGTTAATCGGAATTACTGGGCGTAAAGCGAGCGTAGGCGGTGACGTAAGTTGGATGTGAAAAACCGGGGCTTAACCTCGGCCGTGCATTCAAAACTGCGTGACTAGAGTCTTGTAGAGGGGGGTAGAATTTCAGGTGTAGCGGTGAAATGCGTAGAGATCTGAAGGAATACCAGTGGCGAAGGCGGCCCCCTGGACAAAGACTGACGCTGAGGTTCGAAAGCGTGGGTAGCGAACAGG,8.87301618843203,-26.5423496093131,3.28967323156744,-8.06838483367125,7.12342165045817e-16,1.45208210567032e-14
TACGGAGGATGCAAGCGTTATCCGGATTCATTGGGTTTAAAGGGTGCGCAGGCGGAACTTTAAGTCAGTGGTGAAATCTTGCCGCTTAACGGTAAAATTGCCATTGATACTGAAGTTCTTGAATATGGTTGAGGTAGGCGGAATGTGTTGTGTAGCGGTGAAATGCATAGATATGACACAGAACGCCGATTGCGAAGGCAGCTTACTAAGCCATTATTGACGCTGAGGCACGAAAGCGTGGGGAGCGAACAGG,15.000835651107,-30,3.28921707061666,-9.12071151156212,7.46327181062556e-20,6.44862560601747e-18
TACGTAGGTGGCGAGCGTTATTCGGAATCACTGGGCGTAAAGGGTCCGTAGGGGGTGAGGTCAGTCTGATGTGAAAGCCGGGGGCTCAACTCCCGAAGTGCATTGGATACTGCCTCACTAGAGTGCGTGAGAGGTAAGCGGAATTCGTGGTGTAGCGGTGGAATGCGTAGATATCACGAGGAAGGCCGAAGGCGTAAGCAGCTTACTGGCACGCAACTGACCCTGAGGGACGAAAGCTAGGGGAGCGAAAAGG,9.94306987065334,-26.684712069342,3.28955304593287,-8.11195676030648,4.98110274328137e-16,1.13142190883105e-14
TACGGGAGGTGCGAGCGTTAATCGGAATCACTGGGCGTAAAGCGCACGTAGGCGGCGCGGTCAGTCAGATGTGAAAGCCCTCGGCTCAACCGAGGAATTGCATTTGAAACTACCGTGCTTGAGTACTGGAGAGGCAGGCGGAATTCCAGGTGTAGGAGTGAAATCCGTAGATATCTGGAGGAACACCGGTGGCGAAGGCGGCCTGCTGGACAGATACTGACGCTGAGGTGCGAAAGCGTGGGGAGCAAACAGG,8.31091005979946,22.5569603157149,3.30063509060398,6.8341272805129,8.25057478346223e-12,5.65448875245903e-11
TACGAATGGAGCGAGCGTTGTTCGGAATCACTGGGCTTAAAGCGTGCGTAGGCGGATTTGCAAGTCAGGAGTGAAATCCCAGGGCTCAACCCTGGAACTGCTCTTGAAACTGCAAGTCTAGAATCCGATAGAGGTCAGGAGAATTCCTAGTGTAGAGGTGAAATTCGCAGATATTAGGAGGAATACCAGTGGCGTAGGCGCCTGACTGGGTCGGTATTGACGCTGAGGTACGAAAGCGTGGGGAGCAAACAGG,43.3301371405745,-9.96723880486941,3.28875858363578,-3.03069944217384,0.00243987988649186,0.0132856473271303
TACGGAGGGGGCTAGCGTTATTCGGAATTACTGGGCGTAAAGCGCACGTAGGCGGACTGGAAAGTCAGAGGTGAAATCCCAGGGCTCAACCTTGGAACTGCCTTTGAAACTCCCAGTCTTGAGGTCGAGAGAGGTGAGTGGAATTCCGAGTGTAGAGGTGAAATTCGTAGATATTCGGAGGAACACCAGTGGCGAAGGCGGCTCACTGGCTCGATACTGACGCTGAGGTGCGAAAGCGTGGGGAGCAAACAGG,6.33873408318221,22.4339637630973,3.30078256562732,6.796559093808,1.07147367979461e-11,7.15816449946818e-11
TACGGAGGGTGCAAGCGTTAATCGGAATTACTGGGCGTAAAGCGTGCGTAGGCGGCCTGTTAAGTTGGATGTGAAAGCCCCGGGCTCAACCTGGGAACTGCATCCAAAACTGACAGGCTTGAGTGCGGAAGAGGAGTGTGGAATTTCCTGTGTAGCGGTGAAATGCGTAGATATAGGAAGGAACACCAGTGGCGAAGGCGACACTCTGGTCTGACACTGACGCTGAGGTACGAAAGCGTGGGGAGCAAACAGG,10.8290919949689,-29.8472171133281,3.28947187884571,-9.07355898230133,1.15191603970896e-19,7.04440962745095e-18
TACGGAGGGTGCAAGCGTTAATCGGAATTACTGGGCGTAAAGCGCGCGTAGGCGGATAATTAAGTCAGATGTGAAAGCCCTGGGCTCAACCTGGGAACTGCATTTGATACTGGTTATCTAGAGTACAGTAGAGGGGGGTGGAATTCCAGGTGTAGCGGTGAAATGCGTAGATATCTGGAGGAACATCAGTGGCGAAGGCGACCCCCTGGACTGATACTGACGCTGAGGTGCGAAAGCGTGGGTAGCGAACAGG,3.45094020615606,-25.2117476686917,3.29139481483321,-7.65989772939754,1.86081204468282e-14,2.64168852771936e-13
TACATAGGGGTCAAGCGTTGTCCGGATTTATTGGGCGTAAAGAGCTCGTAGGCGGTTCAACAAGTCGGTCGTAAAAGTTTAGGGCTCAACCCTAAAATGTCGATCGATACTGTTGTGACTAGGATACGGTAGAGGTGAATGGAATTCCGAGTGTAGCGGTGAAATGCGTAGATATTCGGAGGAACACCAATTGCGAAGGCAGTTCACTGGACCGTGATCGACGCTGAGGAGCGAAAGCTAGGGGAGCAAACAGG,7.43475769324827,22.4109036143895,3.3006912560406,6.78976065191654,1.12319729935201e-11,7.44118210820705e-11
TACGGAGGGGGCAAGCGTTATTCGGATTTACTGGGCGTAAAGCGCACGTAGGCGGCAATGTAAGTCACAGGTGAAAGCCCTCGGCTCAACCGAGGAATTGCCTGCGAAACTGCGTTGCTTGAGTCCGGGAGGGGGGAGCGGAATTCCCAGTGTAGCGGTGAAATGCGTAGATACTGGGAGGAACACCGGTGGCGAAGGCGGCTCCCTGGACCGGTACTGACGCTGAGGTGCGAAAGCGTGGGTAGCAAACAGG,12.5514356693774,23.2990526878829,3.30047436006361,7.05930425329343,1.6733831892109e-12,1.46191168727765e-11
TACGGAGGGTCCGAGCGTTAATCGGAATTACTGGGCGTAAAGCGCGCGTAGGTGGATTGGTCAGTCAGATGTGAAAGCCCAGGGCTCAACCTTGGAACTGCACCTGATACTGCCAATCTAGAATACGGTAGAGGGTAGTGGAATTTCCTGTGTAGCGGTGAAATGCGTAGATATAGGAAGGAACACCAGTGGCGAAGGCGACTACCTGGACCGATATTGACACTGAGGTGCGAAAGCGTGGGGAGCAAACAGG,14.1249051042592,23.4838108690015,3.30043918821345,7.11535935970796,1.11621616429835e-12,1.04399041249081e-11
TACGGAGGGTGCGAGCGTTAATCGGAATTACTGGGCGTAAAGCGTGCGCAGGCGGTTTGTTAAGCGAGATGTGAAAGCCCCGGGCTCAACCTGGGAACTGCATTTTGAACTGGCAAACTAGAGTCTTGTAGAGGGGGGTAGAATTCCAGGTGTAGCGGTGAAATGCGTAGAGATCTGGAGGAATACCGGTGGCGAAGGCGGCCCCCTGGACAAAGACTGACGCTCATGCACGAAAGCGTGGGGAGCAAACAGG,17.6740935275293,22.8936582770555,3.30058494735395,6.93624270916256,4.02665575561179e-12,2.99176759412278e-11
TACGTAGGGCGCAAGCGTTGTCCGGAATTATTGGGCGTAAAGAGCTCGTAGGCGGTTTGTCGCGTCTGCTGTGAAAGCCCGGGGCTTAACCCCGGGTGTGCAGTGGGTACGGGCAGACTTGAGTGCAGTAGGGGAGACTGGAACTCCTGGTGTAGCGGTGAAATGCGCAGATATCAGGAAGAACACCGATGGCGAAGGCAGGTCTCTGGGCTGTTACTGACGCTGAGGAGCGAAAGCATGGGGAGCGAACAGG,2.14578679388679,-24.8342218187045,3.29271383673755,-7.542174343128,4.62199247082838e-14,6.02374428575174e-13
TACGGAGGGTGCAAGCGTTATCCGGAATCATTGGGTTTAAAGGGTCCGCAGGCGGTCAATTAAGTCAGAGGTGAAATCCCATCGCTTAACGATGGAACTGCCTTTGATACTGGTTGACTTGAGTTATACGGAAGTAGATAGAATGTGTAGTGTAGCGGTGAAATGCATAGATATTACACAGAATACCGATTGCGAAGGCAGTCTACTACGTATATACTGACGCTCATGGACGAAAGCGTGGGGAGCGAACGGG,3.95098154411938,-27.7108534159052,3.29105605018002,-8.42004906430851,3.76326671560135e-17,1.10807297737151e-15
TACGAAGGGTGCAAGCGTTGTTCGGATTTACTGGGCGTAAAGCGCGCGCAGGCGGATTGGTAAGTCAGATGTGAAATCTCGGGGCTCAACCCCGAAACTGCGTCTGAAACTATCAATCTAGAATCTCGGAGAGGGAAGGGGAATTTCACATGTAGGGGTAAAATCCGTAGAGATGTGAAGGAACACCAGAGGCGAAGGCGCCTTCCTGGACGAGTATTGACGCTGAGGCGCGAAAGCGTGGGGAGCAAACAGG,4.14251221947705,-25.4845172894416,3.29094108984621,-7.74383879677183,9.6459291454817e-15,1.3942752128469e-13
TACGGAGGTCCCAAGCGTTGTTCGGATTCACTGGGCGTAAAGGGTGCGTAGGCGGTCGGGAAAGTTTGATGTGAAAGCTCCGGGCTCAACCTGGAAAATGCATTGAAAACTATCCGACTAGAGGATTGTAAGGGAGACTGGAATTCTCGGTGTAGCAGTGAAATGCGTAGATATCGAGAGGAACACCAGTGGCGAAGGCGAGTCTCTGGACAATTCCTGACGCTGAGGCACGAAAGCTAGGGGAGCAAACAGG,8.48351943735417,-26.3399007178457,3.28972456652669,-8.00671915997379,1.17809107283474e-15,2.17809861140377e-14
TACGGAGGATGCAAGCGTTATCCGGATTCATTGGGTTTAAAGGGTGCGCAGGCGGGCTTGTAAGTCAGTGGTGAAATACTGCCGCTCAACGGTAGAACTGCCATTGATACTGCAAGTCTTGAATATGGTTGAGGTAGGCGGAATGTGTCGTGTAGCGGTGAAATGCATAGATATGACACAGAACGCCAATTGCGAAGGCAGCTTACTAAGCCATTATTGACGCTGAGGCACGAAAGCGTGGGGAGCGAACAGG,1.50176952547254,-24.348153365027,3.29389012890917,-7.39191424490238,1.44729862981527e-13,1.66753972565672e-12
TACGGAGGGTGCAAGCGTTAATCGGAATTACTGGGCGTAAAGCGCACGTAGGCGGTTTGTTAAGTCGGATGTGAAAGCCCCGGGCTCAACCTGGGAACTGCATTCGATACTGACAAACTAGAGTATAGAAGAGGCAAGTGGAATTCCGGGTGTAGCGGTGAAATGCGTAGATATCCGGAGGAACATCAGTGGCGAAGGCGACTTGCTGGTCTAATACTGACGCTGAGGTGCGAAAGCGTGGGGAGCAAACGGG,9.35953830877113,-30,3.28961576284829,-9.11960610683138,7.53978612801486e-20,6.44862560601747e-18
TACGAAGGTCCCGAGCGTTGTTCGGATTTACTGGGCGTAAAGAGTCTGTAGGCGGTAAAGTAAGTCAGGTGTGAAATCCCGGGGCTCAACCCCGGAACTGCACCCGATACTGCTTTACTAGAGTATTGGAGGGGAATCTGGAATTCTCGGTGTAGCAGTGAAATGCGTAGATATCGAGAGGAACACTAGTGGCGAAGGCGAGATTCTGGACAATTACTGACGCTGAGAGACGAAGGCCAGGGTAGCGAAAAGG,2.88082775910909,-29.9600118655271,3.29182522259635,-9.10133735529763,8.92262662467826e-20,6.44862560601747e-18
TACGGAGGGTGCAAGCGTTAATCGGAATTACTGGGCGTAAAGCGTACGTAGGTGGCTCATTAAGTCGGATGTGAAAGCCCCGGGCTCAACCTGGGAATTGCATACGATACTGGTGAGCTAGAGTCTGACAGAGGTTGGCGGAATTTCCGGTGTAGCGGTGAAATGCGTAGATATCGGAAGGAACATCAGTGGCGAAGGCGGCTGACTGGGTCAAGACTGACACTGAGGTACGAAAGCGTGGGGAGCAAACAGG,4.89087502441814,-25.6246026729436,3.290578333668,-7.78726414465263,6.84757011147924e-15,1.00811448863444e-13
TACGTATGTGGCAAGCGTTACTCGGAATCACTGGGCGTAAAGCGTACGTAGGCGGACATATAAGTCAGAAGTGAAATTTCGGGGCTCAACCTCGAACCTGCTTTTGAAACTGTATGTCTTGAGTATCAGAGGGGTAGATGGAATTCTTGGTGTAGCGGTGGAATGCGTAGATATCAAGAAGAACACCAGAGGCGAAGGCGGTCTACTGGCTGAATACTGACGCTGATGTACGAAAGCGTGGGGAGCGAACAGG,16.1307295356742,-17.9013282538489,3.2895202075512,-5.44192682347895,5.27073279013256e-08,3.0364004117068e-07
TACGGAGGGGGCAAGCGTTATTCGGAATTATTGGGCGTAAAGGGCACGTAGGTGGCCCGGCAAGTCTTAGGTGAAATCCCTCGGCTCAACCGAGGAACTGCCTTGGATACTGCCGAGCTTGAGGCCGGGAGGGGGTAGCGGAATTCCCAGTGTAGCGGTGAAATGCGTAGATATTGGGAGGAACACCGGTGGCGAAGGCGGCTACCTGGACCGGTTCTGACACTGAGGTGCGAAAGCGTGGGGAGCAAACAGG,6.72982032885718,-25.9849708809858,3.29002765918508,-7.89810104132138,2.8318455200513e-15,4.69491201802e-14
CACGAACCGTCCGAACGTTATTCGGAATCACTGGGCTTAAAGGGTGCGTAGGCGGTGCGGTAAGTTGGGTGTGAAATCCCTCGGCTCAACCGAGGAACTGCGCTCAATACTGCCGTACTTGAGGGAGACAGAGGTAAGCGGAACTGATGGTGGAGCGGTGAAATGCGTTGATATCATCAGGAACACCAGTAGCGAAGGCGGCTTACTGGGTCTCTTCTGACGCTGAGGCACGAAAGCTAGGGTAGCGAACGGG,11.0452446833741,-16.3714807662032,3.29195901526748,-4.97317271882044,6.58659278736132e-07,3.71371720989521e-06
TACGGAGGGTGCAAGCGTTGTTCGGAATTACTGGGCGTAAAGCGCGCGTAGGCGGCGTGTTAAGTCAGATGTGAAAGCCCATGGCTCAACCATGGATGTGCATTTGAAACTGGCATGCTTGAGTACTGGAGGGGGTAGTGGAATTCCCGGTGTAGAGGTGAAATTCGTAGATATCGGGAGGAATACCGGTGGCGAAGGCGACTACCTGGCCAGATACTGACGCTGAGGTGCGAAAGCGTGGGGAGCAAACAGG,29.950998874735,-28.0847599295319,3.28888676947502,-8.53929061656775,1.35048333344102e-17,4.66797500037221e-16
TACGAAGGGAACTAGCGTTGTTCGGATTTACTGGGCGTAAAGAGCATGTAGGCGGATTGGTCAGTTGGGGGTGAAATCCCGGAGCTCAACTCCGGAACTGCCTCCAATACTGCCAGTCTAGAGTCCGTAAGGGGGTGGTGGAATTCCGAGTGTAGAGGTGAAATTCGTAGATATTCGGAGGAACACCAGTGGCGAAGGCGACCACCTGGTACGGTACTGACGCTGAGATGCGAAAGCGTGGGGAGCAAACAGG,4.24806911834218,-27.6847655977346,3.29088233952832,-8.41256621824488,4.01136232700576e-17,1.13894037498913e-15
TACGGAGGGGGCTAGCGTTGTTCGGAATTACTGGGCGTAAAGCGCGCGTAGGCGGACTTTCAAGTCAGGGGTGAAATCCCGAGGCTCAACCTCGGAACTGCCTTTGATACTGTAAGTCTTGAGTCCGAGAGAGGTGAGTGGAATTCCTAGTGTAGAGGTGAAATTCGTAGATATTAGGAAGAACACCAGTGGCGAAGGCGGCTCACTGGCTCGGTACTGACGCTGAGGTGCGAAAGCGTGGGGAGCAAACAGG,2.26480849615652,-25.8613533860664,3.29253188306939,-7.85454911433015,4.01212833645649e-15,6.37928405496582e-14
TACGGAGGGTGCAAGCGTTAATCGGAATTACTGGGCGTAAAGCGCTCGCAGGCGGTTTGTTAAGTCGGATGTGAAAGCCCCGGGCTCAACCTGGGAACTGCATTCGATACTGGCAAACTAGAGTATGGTAGAGGCAAGTGGAATTCCGGGTGTAGCGGTGAAATGCGTAGATATCCGGAGGAACATCAGTGGCGAAGGCGACTTGCTGGACTAATACTGACGCTCAGGAGCGAAAGCGTGGGGAGCAAACGGG,10.7264931827652,-25.7333459095697,3.28948087851683,-7.82292004724236,5.16118874426607e-15,7.74178311639911e-14
TACGGAGGGGGCAAGCGTTATTCGGAATTACTGGGCGTAAAGGGCGCGTAGGCGGCCAGGTCAGTGAGAAGTGAAAGCCCCGAGCTCAACTTGGGAACGGCTTCTCATACTGCTTGGCTTGAGGATGGGAGAGGGAAGTGGAATTCCAGGTGTAGCGGTGAAATGCGTAGATATCTGGAGGAACACCGGTGGCGAAGGCGACTTCCTGGACCATTACTGACGCTGAGGCGCGAAAGCGTGGGGAGCAAACAGG,5.34551915882619,-15.9524217836937,3.29475383513832,-4.84176438723958,1.2869130193566e-06,7.20490035484855e-06
TACGGAGGGTGCGAGCGTTAATCGGAATTACTGGGCGTAAAGCGCGCGTAGGTGGATTGGTCAGTCAGATGTGAAAGCCCCGGGCTCAACCTGGGAACTGCACCTGATACTGCTAGTCTAGAGTACGGTAGAGGGTAGTGGAATTTCCTGTGTAGCGGTGAAATGCGTAGATATAGGAAGGAACACCAGTGGCGAAGGCGACTACCTGGACCGATACTGACACTGAGGTGCGAAAGCGTGGGGAGCAAACAGG,1.86492824605388,-24.3443214819745,3.2932005939907,-7.3922984000419,1.44312206770723e-13,1.66753972565672e-12
TACGGAGGAGGCAAGCGTTATCCGGATTTATTGGGCGTAAAGCGTCCGCAGGTGGCAGTTCAAGTCTGCTGTCAAAGACAGTGGCTCAACCACTGAAAGGCAGTAGATACTGAACAGCTAGAGTGCGGTAGGGGCAGAGGGAATTCCAGGTGTAGCGGTGAAATGCGTAGATTTCTGGAAGAACATCGGTGGCGAAAGCGCTCTGCTAGGCCGCAACTGACACTCAGGGACGAAAGCTAGGGGAGCGAATGGG,3.15298267057744,-25.0602800402083,3.29160000836558,-7.6134038086395,2.66970034333759e-14,3.65933064302307e-13
TACGGAGGGTGCAAGCGTTAATCGGAATTACTGGGCGTAAAGCGCGCGTAGGCGGTTTGTTAAGTCGGATGTGAAAGCCCTGGGCTCAACCTGGGAACTGCATTCGATACTGGCCGACTAGAGTACGAGAGAGGGAGGTAGAATTCCATGTGTAGCGGTGAAATGCGTAGATATGTGGAGGAATACCGGTGGCGAAGGCGGCCTCCTGGCTCGATACTGACGCTGAGGTGCGAAAGCGTGGGGAGCAAACAGG,3.03331501146312,-30,3.29169413859033,-9.11384798736116,7.95106802521416e-20,6.44862560601747e-18
AACGGGAGGGGCAAGCGTTATTCAAAATGATTAGGCGTAAAGGGTCCGTAGGCCGTATTTTAAATTATATTTCAAAAATTAACTGTATGTTAATATAAATATAAATAAAACTATACTAGAGTTTTTTTCAGAAAAGCAGAATTTTATAATTAAAGATAAAATTTAGAAATCTATAAAGGAATACTTACAGCGAAAGCAGCTTTTTAGTAAAAAACTGACGTTGAGGGACGAAAGTTTAGGTAGCAAATAGG,9.37888792158207,-26.6883525811368,3.28961341051118,-8.11291457405316,4.94198154612716e-16,1.13142190883105e-14
CACGTAGGATTCAAGCGTTATCCGAATTTACTGGGCGTAAAGCGCGTGTAGGCGGTTCGGTAAGTTGGACGTGAAAGCTCCTGGCTCAACTGGGAGAGGTCGTTCAAAACTTCCGGACTAGAGGACGGTAGAGGGAGGTGGAATTCCCGGTGTAGTGGTGAAATGCGTAGATATCGGGAGGAACACCAGTGGCGAAGGCGGCCTCCTGGGCCGTTCCTGACGCTCAGACGCGAAAGCTAGGGGAGCGAACGGG,5.3535890068856,-27.9300271527344,3.29040412442932,-8.48832729857417,2.09632472312954e-17,6.66631261955194e-16
TACGGAGGGTGCAAGCGTTAATCGGAATCACTGGGCGTAAAGCGCGCGTAGGCGGTCTGGTAAGTCAGATGTGAAAGCCCCGGGCTCAACCTGGGAATTGCATTTGATACTGCCTGGCTAGAGTATGGTAGAGGGGGGTGGAATTCCAGGTGTAGCGGTGAAATGCGTAGATATCTGGAGGAACACCAGTGGCGAAGGCGGCCCCCTGGACCAATACTGACGCTGAGGTGCGAAAGCGTGGGGAGCAAACAGG,6.18190311944128,-26.6933604141433,3.29015773300704,-8.11309444114306,4.9346688497862e-16,1.13142190883105e-14
TTCCAGCTCCAATAGCGTATATTAAAGTTGTTGCAGTTAAAAAGCTCGTAGTTGGATTTCTGGCAGGAGCGACCGGTCGCACACTATGTGTGTGAACTTGTGTTGTCTCTGGCCATCCTTGGGGAGATCCCGTTTGGCATTAAGTTGTCGGGCGGGGGATACCCATCGTTTACTGTGAAAAAATTAGAGTGTTTAAAGCAGGCTTATGCCGTTGAATATATTAGCATGGAATAATAAGATAGGACTTCGGAACTATTTTGTTGGTTTGCGTTACGAAGTAATGATTAATAGGGACAGTTGGGGGTATTCGTATTTCGTTGTCAGAGGTGAAATTCTTGGATTTCCGAAAGACGAACTACTGCGAAAGCATTTACCAAGGATGTTTTCATTAATCAAGAACGAAAGTTAGGGGATCGAAGATG,2.97977800224609,18.4541787746994,3.3060936879219,5.58186806445254,2.37948858834418e-08,1.3807981224333e-07
TACGAAGGTCCCAAGCGTTGTTCGGAATCACTGGGCGTAAAGCGTGCGTAGGCGGCGGGGTAAGTCAGATGTGAAAGGCAGGGGCTCAACTCCTGGACTGCATCCGATACTGCCTTGCTCGAGTAGTGGAGGGGAGTCTGGAATTCTCGGTGTAGCAGTGAAATGCGTAGATATCGAGAGGAACACTAGTGGCGAAGGCGAGACTCTGGACACTTACTGACGCTCAGGCACGAAGGCCAGGGTAGCGAAAGGG,1.81552454982036,20.7404211724772,3.30200767011168,6.28115475327644,3.36067406710902e-10,1.9938327487699e-09
